[0m12:18:53.343352 [debug] [MainThread]: Sending event: {'category': 'dbt', 'action': 'invocation', 'label': 'start', 'context': [<snowplow_tracker.self_describing_json.SelfDescribingJson object at 0x10c276ba0>, <snowplow_tracker.self_describing_json.SelfDescribingJson object at 0x10d48b9d0>, <snowplow_tracker.self_describing_json.SelfDescribingJson object at 0x10d48bb10>]}


============================== 12:18:53.364559 | 67404894-5a8f-4220-819b-18de657ae1aa ==============================
[0m12:18:53.364559 [info ] [MainThread]: Running with dbt=1.10.15
[0m12:18:53.364885 [debug] [MainThread]: running dbt with arguments {'quiet': 'False', 'introspect': 'True', 'version_check': 'True', 'log_path': '/Users/nicolasvelazquez/documents/udesa/ingenieriadatos/examen_ing_de_sw_n_data_final/dbt/logs', 'log_format': 'default', 'use_experimental_parser': 'False', 'use_colors': 'True', 'indirect_selection': 'eager', 'debug': 'False', 'cache_selected_only': 'False', 'static_parser': 'True', 'fail_fast': 'False', 'no_print': 'None', 'printer_width': '80', 'empty': 'False', 'send_anonymous_usage_stats': 'True', 'warn_error_options': 'WarnErrorOptionsV2(error=[], warn=[], silence=[])', 'write_json': 'True', 'target_path': 'None', 'invocation_command': 'dbt run --project-dir /Users/nicolasvelazquez/documents/udesa/ingenieriadatos/examen_ing_de_sw_n_data_final/dbt', 'log_cache_events': 'False', 'profiles_dir': '/Users/nicolasvelazquez/documents/udesa/ingenieriadatos/examen_ing_de_sw_n_data_final/profiles', 'partial_parse': 'True', 'warn_error': 'None'}
[0m12:18:54.408549 [debug] [MainThread]: Sending event: {'category': 'dbt', 'action': 'project_id', 'label': '67404894-5a8f-4220-819b-18de657ae1aa', 'context': [<snowplow_tracker.self_describing_json.SelfDescribingJson object at 0x10c6d5220>]}
[0m12:18:54.436797 [debug] [MainThread]: Sending event: {'category': 'dbt', 'action': 'adapter_info', 'label': '67404894-5a8f-4220-819b-18de657ae1aa', 'context': [<snowplow_tracker.self_describing_json.SelfDescribingJson object at 0x10d363f00>]}
[0m12:18:54.438666 [info ] [MainThread]: Registered adapter: duckdb=1.10.0
[0m12:18:54.496099 [debug] [MainThread]: checksum: 14a228079bd6df63ba81633f9a3cf44ecfaa31056ac397c602753ec895dbf885, vars: {}, profile: , target: , version: 1.10.15
[0m12:18:54.496641 [info ] [MainThread]: Unable to do partial parsing because saved manifest not found. Starting full parse.
[0m12:18:54.496832 [debug] [MainThread]: Sending event: {'category': 'dbt', 'action': 'partial_parser', 'label': '67404894-5a8f-4220-819b-18de657ae1aa', 'context': [<snowplow_tracker.self_describing_json.SelfDescribingJson object at 0x10d4e3a50>]}
[0m12:18:55.082104 [warn ] [MainThread]: [[33mWARNING[0m][MissingArgumentsPropertyInGenericTestDeprecation]: Deprecated
functionality
Found top-level arguments to test `accepted_values`. Arguments to generic tests
should be nested under the `arguments` property.`
[0m12:18:55.082434 [debug] [MainThread]: Sending event: {'category': 'dbt', 'action': 'deprecation', 'label': '67404894-5a8f-4220-819b-18de657ae1aa', 'property_': 'warn', 'context': [<snowplow_tracker.self_describing_json.SelfDescribingJson object at 0x10d84f110>]}
[0m12:18:55.130563 [debug] [MainThread]: Sending event: {'category': 'dbt', 'action': 'load_project', 'label': '67404894-5a8f-4220-819b-18de657ae1aa', 'context': [<snowplow_tracker.self_describing_json.SelfDescribingJson object at 0x10dc06f90>]}
[0m12:18:55.167135 [debug] [MainThread]: Wrote artifact WritableManifest to /Users/nicolasvelazquez/documents/udesa/ingenieriadatos/examen_ing_de_sw_n_data_final/dbt/target/manifest.json
[0m12:18:55.168537 [debug] [MainThread]: Wrote artifact SemanticManifest to /Users/nicolasvelazquez/documents/udesa/ingenieriadatos/examen_ing_de_sw_n_data_final/dbt/target/semantic_manifest.json
[0m12:18:55.211718 [debug] [MainThread]: Sending event: {'category': 'dbt', 'action': 'resource_counts', 'label': '67404894-5a8f-4220-819b-18de657ae1aa', 'context': [<snowplow_tracker.self_describing_json.SelfDescribingJson object at 0x10d82d570>]}
[0m12:18:55.212011 [info ] [MainThread]: Found 2 models, 16 data tests, 469 macros
[0m12:18:55.212188 [debug] [MainThread]: Sending event: {'category': 'dbt', 'action': 'runnable_timing', 'label': '67404894-5a8f-4220-819b-18de657ae1aa', 'context': [<snowplow_tracker.self_describing_json.SelfDescribingJson object at 0x10dd010d0>]}
[0m12:18:55.213146 [info ] [MainThread]: 
[0m12:18:55.213313 [info ] [MainThread]: Concurrency: 4 threads (target='dev')
[0m12:18:55.213437 [info ] [MainThread]: 
[0m12:18:55.213659 [debug] [MainThread]: Acquiring new duckdb connection 'master'
[0m12:18:55.215871 [debug] [ThreadPool]: Acquiring new duckdb connection 'list_medallion'
[0m12:18:55.248811 [debug] [ThreadPool]: Using duckdb connection "list_medallion"
[0m12:18:55.249041 [debug] [ThreadPool]: On list_medallion: /* {"app": "dbt", "dbt_version": "1.10.15", "profile_name": "medallion_duckdb", "target_name": "dev", "connection_name": "list_medallion"} */

    
    select schema_name
    from system.information_schema.schemata
    
    where lower(catalog_name) = '"medallion"'
    
  
  
[0m12:18:55.249182 [debug] [ThreadPool]: Opening a new connection, currently in state init
[0m12:18:56.661374 [debug] [ThreadPool]: SQL status: OK in 1.412 seconds
[0m12:18:56.662327 [debug] [ThreadPool]: On list_medallion: Close
[0m12:18:56.662736 [debug] [ThreadPool]: Re-using an available connection from the pool (formerly list_medallion, now create_medallion_main)
[0m12:18:56.662986 [debug] [ThreadPool]: Creating schema "database: "medallion"
schema: "main"
"
[0m12:18:56.666740 [debug] [ThreadPool]: Using duckdb connection "create_medallion_main"
[0m12:18:56.666990 [debug] [ThreadPool]: On create_medallion_main: /* {"app": "dbt", "dbt_version": "1.10.15", "profile_name": "medallion_duckdb", "target_name": "dev", "connection_name": "create_medallion_main"} */

    
        select type from duckdb_databases()
        where lower(database_name)='medallion'
        and type='sqlite'
    
  
[0m12:18:56.667211 [debug] [ThreadPool]: Opening a new connection, currently in state closed
[0m12:18:56.667954 [debug] [ThreadPool]: SQL status: OK in 0.001 seconds
[0m12:18:56.668801 [debug] [ThreadPool]: Using duckdb connection "create_medallion_main"
[0m12:18:56.669004 [debug] [ThreadPool]: On create_medallion_main: BEGIN
[0m12:18:56.669289 [debug] [ThreadPool]: SQL status: OK in 0.000 seconds
[0m12:18:56.669428 [debug] [ThreadPool]: Using duckdb connection "create_medallion_main"
[0m12:18:56.669563 [debug] [ThreadPool]: On create_medallion_main: /* {"app": "dbt", "dbt_version": "1.10.15", "profile_name": "medallion_duckdb", "target_name": "dev", "connection_name": "create_medallion_main"} */

    
    
        create schema if not exists "medallion"."main"
    
[0m12:18:56.670129 [debug] [ThreadPool]: SQL status: OK in 0.000 seconds
[0m12:18:56.670682 [debug] [ThreadPool]: On create_medallion_main: COMMIT
[0m12:18:56.670863 [debug] [ThreadPool]: Using duckdb connection "create_medallion_main"
[0m12:18:56.671012 [debug] [ThreadPool]: On create_medallion_main: COMMIT
[0m12:18:56.671243 [debug] [ThreadPool]: SQL status: OK in 0.000 seconds
[0m12:18:56.671390 [debug] [ThreadPool]: On create_medallion_main: Close
[0m12:18:56.672101 [debug] [ThreadPool]: Re-using an available connection from the pool (formerly create_medallion_main, now list_medallion_main)
[0m12:18:56.675280 [debug] [ThreadPool]: Using duckdb connection "list_medallion_main"
[0m12:18:56.675528 [debug] [ThreadPool]: On list_medallion_main: BEGIN
[0m12:18:56.675661 [debug] [ThreadPool]: Opening a new connection, currently in state closed
[0m12:18:56.676465 [debug] [ThreadPool]: SQL status: OK in 0.001 seconds
[0m12:18:56.676612 [debug] [ThreadPool]: Using duckdb connection "list_medallion_main"
[0m12:18:56.676760 [debug] [ThreadPool]: On list_medallion_main: /* {"app": "dbt", "dbt_version": "1.10.15", "profile_name": "medallion_duckdb", "target_name": "dev", "connection_name": "list_medallion_main"} */
select
      'medallion' as database,
      table_name as name,
      table_schema as schema,
      CASE table_type
        WHEN 'BASE TABLE' THEN 'table'
        WHEN 'VIEW' THEN 'view'
        WHEN 'LOCAL TEMPORARY' THEN 'table'
        END as type
    from system.information_schema.tables
    where lower(table_schema) = 'main'
    and lower(table_catalog) = 'medallion'
  
[0m12:18:56.683318 [debug] [ThreadPool]: SQL status: OK in 0.006 seconds
[0m12:18:56.684763 [debug] [ThreadPool]: On list_medallion_main: ROLLBACK
[0m12:18:56.685903 [debug] [ThreadPool]: Failed to rollback 'list_medallion_main'
[0m12:18:56.686086 [debug] [ThreadPool]: On list_medallion_main: Close
[0m12:18:56.686418 [debug] [MainThread]: Sending event: {'category': 'dbt', 'action': 'runnable_timing', 'label': '67404894-5a8f-4220-819b-18de657ae1aa', 'context': [<snowplow_tracker.self_describing_json.SelfDescribingJson object at 0x10dd05bd0>]}
[0m12:18:56.686687 [debug] [MainThread]: Using duckdb connection "master"
[0m12:18:56.686830 [debug] [MainThread]: On master: BEGIN
[0m12:18:56.686955 [debug] [MainThread]: Opening a new connection, currently in state init
[0m12:18:56.687271 [debug] [MainThread]: SQL status: OK in 0.000 seconds
[0m12:18:56.687400 [debug] [MainThread]: On master: COMMIT
[0m12:18:56.687519 [debug] [MainThread]: Using duckdb connection "master"
[0m12:18:56.687634 [debug] [MainThread]: On master: COMMIT
[0m12:18:56.687820 [debug] [MainThread]: SQL status: OK in 0.000 seconds
[0m12:18:56.687946 [debug] [MainThread]: On master: Close
[0m12:18:56.689666 [debug] [Thread-1 (]: Began running node model.medallion_dbt.stg_transactions
[0m12:18:56.689951 [info ] [Thread-1 (]: 1 of 2 START sql view model main.stg_transactions .............................. [RUN]
[0m12:18:56.690173 [debug] [Thread-1 (]: Re-using an available connection from the pool (formerly list_medallion_main, now model.medallion_dbt.stg_transactions)
[0m12:18:56.690343 [debug] [Thread-1 (]: Began compiling node model.medallion_dbt.stg_transactions
[0m12:18:56.695094 [debug] [Thread-1 (]: Writing injected SQL for node "model.medallion_dbt.stg_transactions"
[0m12:18:56.695775 [debug] [Thread-1 (]: Began executing node model.medallion_dbt.stg_transactions
[0m12:18:56.710448 [debug] [Thread-1 (]: Writing runtime sql for node "model.medallion_dbt.stg_transactions"
[0m12:18:56.711158 [debug] [Thread-1 (]: Using duckdb connection "model.medallion_dbt.stg_transactions"
[0m12:18:56.711332 [debug] [Thread-1 (]: On model.medallion_dbt.stg_transactions: BEGIN
[0m12:18:56.711486 [debug] [Thread-1 (]: Opening a new connection, currently in state closed
[0m12:18:56.711830 [debug] [Thread-1 (]: SQL status: OK in 0.000 seconds
[0m12:18:56.711980 [debug] [Thread-1 (]: Using duckdb connection "model.medallion_dbt.stg_transactions"
[0m12:18:56.712140 [debug] [Thread-1 (]: On model.medallion_dbt.stg_transactions: /* {"app": "dbt", "dbt_version": "1.10.15", "profile_name": "medallion_duckdb", "target_name": "dev", "node_id": "model.medallion_dbt.stg_transactions"} */

  
  create view "medallion"."main"."stg_transactions__dbt_tmp" as (
    


with source as (
    select *
    from read_parquet(
        '/Users/nicolasvelazquez/documents/udesa/ingenieriadatos/examen_ing_de_sw_n_data_final/data/clean/transactions_20251201_clean.parquet'
    )
)

-- TODO: Completar el modelo para que cree la tabla staging con los tipos adecuados segun el schema.yml.
  );

[0m12:18:56.712781 [debug] [Thread-1 (]: DuckDB adapter: Error running SQL: /* {"app": "dbt", "dbt_version": "1.10.15", "profile_name": "medallion_duckdb", "target_name": "dev", "node_id": "model.medallion_dbt.stg_transactions"} */

  
  create view "medallion"."main"."stg_transactions__dbt_tmp" as (
    


with source as (
    select *
    from read_parquet(
        '/Users/nicolasvelazquez/documents/udesa/ingenieriadatos/examen_ing_de_sw_n_data_final/data/clean/transactions_20251201_clean.parquet'
    )
)

-- TODO: Completar el modelo para que cree la tabla staging con los tipos adecuados segun el schema.yml.
  );

[0m12:18:56.712946 [debug] [Thread-1 (]: DuckDB adapter: Rolling back transaction.
[0m12:18:56.713161 [debug] [Thread-1 (]: On model.medallion_dbt.stg_transactions: ROLLBACK
[0m12:18:56.717494 [debug] [Thread-1 (]: Failed to rollback 'model.medallion_dbt.stg_transactions'
[0m12:18:56.717708 [debug] [Thread-1 (]: On model.medallion_dbt.stg_transactions: Close
[0m12:18:56.719846 [debug] [Thread-1 (]: Runtime Error in model stg_transactions (models/staging/stg_transactions.sql)
  Parser Error: syntax error at or near ")"
  
  LINE 16:   );
             ^
[0m12:18:56.721243 [debug] [Thread-1 (]: Sending event: {'category': 'dbt', 'action': 'run_model', 'label': '67404894-5a8f-4220-819b-18de657ae1aa', 'context': [<snowplow_tracker.self_describing_json.SelfDescribingJson object at 0x10c4e8cd0>]}
[0m12:18:56.721612 [error] [Thread-1 (]: 1 of 2 ERROR creating sql view model main.stg_transactions ..................... [[31mERROR[0m in 0.03s]
[0m12:18:56.721909 [debug] [Thread-1 (]: Finished running node model.medallion_dbt.stg_transactions
[0m12:18:56.722134 [debug] [Thread-7 (]: Marking all children of 'model.medallion_dbt.stg_transactions' to be skipped because of status 'error'.  Reason: Runtime Error in model stg_transactions (models/staging/stg_transactions.sql)
  Parser Error: syntax error at or near ")"
  
  LINE 16:   );
             ^.
[0m12:18:56.722761 [debug] [Thread-2 (]: Began running node model.medallion_dbt.fct_customer_transactions
[0m12:18:56.723000 [info ] [Thread-2 (]: 2 of 2 SKIP relation main.fct_customer_transactions ............................ [[33mSKIP[0m]
[0m12:18:56.723214 [debug] [Thread-2 (]: Finished running node model.medallion_dbt.fct_customer_transactions
[0m12:18:56.723757 [debug] [MainThread]: Using duckdb connection "master"
[0m12:18:56.723904 [debug] [MainThread]: On master: BEGIN
[0m12:18:56.724023 [debug] [MainThread]: Opening a new connection, currently in state closed
[0m12:18:56.724327 [debug] [MainThread]: SQL status: OK in 0.000 seconds
[0m12:18:56.724457 [debug] [MainThread]: On master: COMMIT
[0m12:18:56.724579 [debug] [MainThread]: Using duckdb connection "master"
[0m12:18:56.724698 [debug] [MainThread]: On master: COMMIT
[0m12:18:56.724917 [debug] [MainThread]: SQL status: OK in 0.000 seconds
[0m12:18:56.725082 [debug] [MainThread]: On master: Close
[0m12:18:56.725267 [debug] [MainThread]: Connection 'master' was properly closed.
[0m12:18:56.725395 [debug] [MainThread]: Connection 'model.medallion_dbt.stg_transactions' was properly closed.
[0m12:18:56.725536 [info ] [MainThread]: 
[0m12:18:56.725686 [info ] [MainThread]: Finished running 1 table model, 1 view model in 0 hours 0 minutes and 1.51 seconds (1.51s).
[0m12:18:56.726003 [debug] [MainThread]: Command end result
[0m12:18:56.737535 [debug] [MainThread]: Wrote artifact WritableManifest to /Users/nicolasvelazquez/documents/udesa/ingenieriadatos/examen_ing_de_sw_n_data_final/dbt/target/manifest.json
[0m12:18:56.738501 [debug] [MainThread]: Wrote artifact SemanticManifest to /Users/nicolasvelazquez/documents/udesa/ingenieriadatos/examen_ing_de_sw_n_data_final/dbt/target/semantic_manifest.json
[0m12:18:56.741256 [debug] [MainThread]: Wrote artifact RunExecutionResult to /Users/nicolasvelazquez/documents/udesa/ingenieriadatos/examen_ing_de_sw_n_data_final/dbt/target/run_results.json
[0m12:18:56.741430 [info ] [MainThread]: 
[0m12:18:56.741614 [info ] [MainThread]: [31mCompleted with 1 error, 0 partial successes, and 0 warnings:[0m
[0m12:18:56.741756 [info ] [MainThread]: 
[0m12:18:56.741935 [error] [MainThread]: [31mFailure in model stg_transactions (models/staging/stg_transactions.sql)[0m
[0m12:18:56.742106 [error] [MainThread]:   Runtime Error in model stg_transactions (models/staging/stg_transactions.sql)
  Parser Error: syntax error at or near ")"
  
  LINE 16:   );
             ^
[0m12:18:56.742229 [info ] [MainThread]: 
[0m12:18:56.742382 [info ] [MainThread]:   compiled code at target/compiled/medallion_dbt/models/staging/stg_transactions.sql
[0m12:18:56.742513 [info ] [MainThread]: 
[0m12:18:56.742656 [info ] [MainThread]: Done. PASS=0 WARN=0 ERROR=1 SKIP=1 NO-OP=0 TOTAL=2
[0m12:18:56.742906 [warn ] [MainThread]: [[33mWARNING[0m][DeprecationsSummary]: Deprecated functionality
Summary of encountered deprecations:
- MissingArgumentsPropertyInGenericTestDeprecation: 1 occurrence
To see all deprecation instances instead of just the first occurrence of each,
run command again with the `--show-all-deprecations` flag. You may also need to
run with `--no-partial-parse` as some deprecations are only encountered during
parsing.
[0m12:18:56.744647 [debug] [MainThread]: Resource report: {"command_name": "run", "command_success": false, "command_wall_clock_time": 3.4400573, "process_in_blocks": "0", "process_kernel_time": 0.517294, "process_mem_max_rss": "217366528", "process_out_blocks": "0", "process_user_time": 2.52237}
[0m12:18:56.744889 [debug] [MainThread]: Command `dbt run` failed at 12:18:56.744837 after 3.44 seconds
[0m12:18:56.745078 [debug] [MainThread]: Sending event: {'category': 'dbt', 'action': 'invocation', 'label': 'end', 'context': [<snowplow_tracker.self_describing_json.SelfDescribingJson object at 0x10dd38550>, <snowplow_tracker.self_describing_json.SelfDescribingJson object at 0x10dd8c3d0>, <snowplow_tracker.self_describing_json.SelfDescribingJson object at 0x10d4d4d70>]}
[0m12:18:56.745259 [debug] [MainThread]: Flushing usage events
[0m12:18:57.593771 [debug] [MainThread]: An error was encountered while trying to flush usage events
[0m12:21:02.634872 [debug] [MainThread]: Sending event: {'category': 'dbt', 'action': 'invocation', 'label': 'start', 'context': [<snowplow_tracker.self_describing_json.SelfDescribingJson object at 0x10a24b8c0>, <snowplow_tracker.self_describing_json.SelfDescribingJson object at 0x10b88b890>, <snowplow_tracker.self_describing_json.SelfDescribingJson object at 0x10b88b9d0>]}


============================== 12:21:02.637674 | 41dd847b-bf02-41a4-a772-fee881dfd862 ==============================
[0m12:21:02.637674 [info ] [MainThread]: Running with dbt=1.10.15
[0m12:21:02.638009 [debug] [MainThread]: running dbt with arguments {'quiet': 'False', 'use_experimental_parser': 'False', 'indirect_selection': 'eager', 'no_print': 'None', 'log_path': '/Users/nicolasvelazquez/documents/udesa/ingenieriadatos/examen_ing_de_sw_n_data_final/dbt/logs', 'debug': 'False', 'write_json': 'True', 'warn_error': 'None', 'log_format': 'default', 'printer_width': '80', 'profiles_dir': '/Users/nicolasvelazquez/documents/udesa/ingenieriadatos/examen_ing_de_sw_n_data_final/profiles', 'empty': 'False', 'static_parser': 'True', 'fail_fast': 'False', 'use_colors': 'True', 'partial_parse': 'True', 'send_anonymous_usage_stats': 'True', 'invocation_command': 'dbt run --project-dir /Users/nicolasvelazquez/documents/udesa/ingenieriadatos/examen_ing_de_sw_n_data_final/dbt', 'target_path': 'None', 'cache_selected_only': 'False', 'introspect': 'True', 'warn_error_options': 'WarnErrorOptionsV2(error=[], warn=[], silence=[])', 'log_cache_events': 'False', 'version_check': 'True'}
[0m12:21:02.814177 [debug] [MainThread]: Sending event: {'category': 'dbt', 'action': 'project_id', 'label': '41dd847b-bf02-41a4-a772-fee881dfd862', 'context': [<snowplow_tracker.self_describing_json.SelfDescribingJson object at 0x10ab82060>]}
[0m12:21:02.842587 [debug] [MainThread]: Sending event: {'category': 'dbt', 'action': 'adapter_info', 'label': '41dd847b-bf02-41a4-a772-fee881dfd862', 'context': [<snowplow_tracker.self_describing_json.SelfDescribingJson object at 0x10b7bb020>]}
[0m12:21:02.843962 [info ] [MainThread]: Registered adapter: duckdb=1.10.0
[0m12:21:02.902516 [debug] [MainThread]: checksum: 14a228079bd6df63ba81633f9a3cf44ecfaa31056ac397c602753ec895dbf885, vars: {}, profile: , target: , version: 1.10.15
[0m12:21:02.977614 [debug] [MainThread]: Partial parsing enabled: 0 files deleted, 0 files added, 1 files changed.
[0m12:21:02.978026 [debug] [MainThread]: Partial parsing: updated file: medallion_dbt://models/staging/stg_transactions.sql
[0m12:21:03.181440 [warn ] [MainThread]: [[33mWARNING[0m][MissingArgumentsPropertyInGenericTestDeprecation]: Deprecated
functionality
Found top-level arguments to test `accepted_values`. Arguments to generic tests
should be nested under the `arguments` property.`
[0m12:21:03.181753 [debug] [MainThread]: Sending event: {'category': 'dbt', 'action': 'deprecation', 'label': '41dd847b-bf02-41a4-a772-fee881dfd862', 'property_': 'warn', 'context': [<snowplow_tracker.self_describing_json.SelfDescribingJson object at 0x10bd89050>]}
[0m12:21:03.207149 [debug] [MainThread]: Sending event: {'category': 'dbt', 'action': 'load_project', 'label': '41dd847b-bf02-41a4-a772-fee881dfd862', 'context': [<snowplow_tracker.self_describing_json.SelfDescribingJson object at 0x10be73f20>]}
[0m12:21:03.240120 [debug] [MainThread]: Wrote artifact WritableManifest to /Users/nicolasvelazquez/documents/udesa/ingenieriadatos/examen_ing_de_sw_n_data_final/dbt/target/manifest.json
[0m12:21:03.242001 [debug] [MainThread]: Wrote artifact SemanticManifest to /Users/nicolasvelazquez/documents/udesa/ingenieriadatos/examen_ing_de_sw_n_data_final/dbt/target/semantic_manifest.json
[0m12:21:03.254491 [debug] [MainThread]: Sending event: {'category': 'dbt', 'action': 'resource_counts', 'label': '41dd847b-bf02-41a4-a772-fee881dfd862', 'context': [<snowplow_tracker.self_describing_json.SelfDescribingJson object at 0x10b9afe70>]}
[0m12:21:03.254747 [info ] [MainThread]: Found 2 models, 16 data tests, 469 macros
[0m12:21:03.254909 [debug] [MainThread]: Sending event: {'category': 'dbt', 'action': 'runnable_timing', 'label': '41dd847b-bf02-41a4-a772-fee881dfd862', 'context': [<snowplow_tracker.self_describing_json.SelfDescribingJson object at 0x10c01a820>]}
[0m12:21:03.255848 [info ] [MainThread]: 
[0m12:21:03.256015 [info ] [MainThread]: Concurrency: 4 threads (target='dev')
[0m12:21:03.256146 [info ] [MainThread]: 
[0m12:21:03.256371 [debug] [MainThread]: Acquiring new duckdb connection 'master'
[0m12:21:03.258577 [debug] [ThreadPool]: Acquiring new duckdb connection 'list_medallion'
[0m12:21:03.288278 [debug] [ThreadPool]: Using duckdb connection "list_medallion"
[0m12:21:03.288508 [debug] [ThreadPool]: On list_medallion: /* {"app": "dbt", "dbt_version": "1.10.15", "profile_name": "medallion_duckdb", "target_name": "dev", "connection_name": "list_medallion"} */

    
    select schema_name
    from system.information_schema.schemata
    
    where lower(catalog_name) = '"medallion"'
    
  
  
[0m12:21:03.288656 [debug] [ThreadPool]: Opening a new connection, currently in state init
[0m12:21:03.300889 [debug] [ThreadPool]: SQL status: OK in 0.012 seconds
[0m12:21:03.301603 [debug] [ThreadPool]: On list_medallion: Close
[0m12:21:03.301944 [debug] [ThreadPool]: Re-using an available connection from the pool (formerly list_medallion, now create_medallion_main)
[0m12:21:03.302175 [debug] [ThreadPool]: Creating schema "database: "medallion"
schema: "main"
"
[0m12:21:03.305178 [debug] [ThreadPool]: Using duckdb connection "create_medallion_main"
[0m12:21:03.305335 [debug] [ThreadPool]: On create_medallion_main: /* {"app": "dbt", "dbt_version": "1.10.15", "profile_name": "medallion_duckdb", "target_name": "dev", "connection_name": "create_medallion_main"} */

    
        select type from duckdb_databases()
        where lower(database_name)='medallion'
        and type='sqlite'
    
  
[0m12:21:03.305462 [debug] [ThreadPool]: Opening a new connection, currently in state closed
[0m12:21:03.306041 [debug] [ThreadPool]: SQL status: OK in 0.001 seconds
[0m12:21:03.306627 [debug] [ThreadPool]: Using duckdb connection "create_medallion_main"
[0m12:21:03.306759 [debug] [ThreadPool]: On create_medallion_main: BEGIN
[0m12:21:03.306949 [debug] [ThreadPool]: SQL status: OK in 0.000 seconds
[0m12:21:03.307070 [debug] [ThreadPool]: Using duckdb connection "create_medallion_main"
[0m12:21:03.307192 [debug] [ThreadPool]: On create_medallion_main: /* {"app": "dbt", "dbt_version": "1.10.15", "profile_name": "medallion_duckdb", "target_name": "dev", "connection_name": "create_medallion_main"} */

    
    
        create schema if not exists "medallion"."main"
    
[0m12:21:03.307641 [debug] [ThreadPool]: SQL status: OK in 0.000 seconds
[0m12:21:03.308024 [debug] [ThreadPool]: On create_medallion_main: COMMIT
[0m12:21:03.308157 [debug] [ThreadPool]: Using duckdb connection "create_medallion_main"
[0m12:21:03.308276 [debug] [ThreadPool]: On create_medallion_main: COMMIT
[0m12:21:03.308455 [debug] [ThreadPool]: SQL status: OK in 0.000 seconds
[0m12:21:03.308581 [debug] [ThreadPool]: On create_medallion_main: Close
[0m12:21:03.309067 [debug] [ThreadPool]: Re-using an available connection from the pool (formerly create_medallion_main, now list_medallion_main)
[0m12:21:03.311744 [debug] [ThreadPool]: Using duckdb connection "list_medallion_main"
[0m12:21:03.311895 [debug] [ThreadPool]: On list_medallion_main: BEGIN
[0m12:21:03.312012 [debug] [ThreadPool]: Opening a new connection, currently in state closed
[0m12:21:03.312219 [debug] [ThreadPool]: SQL status: OK in 0.000 seconds
[0m12:21:03.312339 [debug] [ThreadPool]: Using duckdb connection "list_medallion_main"
[0m12:21:03.312468 [debug] [ThreadPool]: On list_medallion_main: /* {"app": "dbt", "dbt_version": "1.10.15", "profile_name": "medallion_duckdb", "target_name": "dev", "connection_name": "list_medallion_main"} */
select
      'medallion' as database,
      table_name as name,
      table_schema as schema,
      CASE table_type
        WHEN 'BASE TABLE' THEN 'table'
        WHEN 'VIEW' THEN 'view'
        WHEN 'LOCAL TEMPORARY' THEN 'table'
        END as type
    from system.information_schema.tables
    where lower(table_schema) = 'main'
    and lower(table_catalog) = 'medallion'
  
[0m12:21:03.320083 [debug] [ThreadPool]: SQL status: OK in 0.007 seconds
[0m12:21:03.320700 [debug] [ThreadPool]: On list_medallion_main: ROLLBACK
[0m12:21:03.321586 [debug] [ThreadPool]: Failed to rollback 'list_medallion_main'
[0m12:21:03.321727 [debug] [ThreadPool]: On list_medallion_main: Close
[0m12:21:03.321976 [debug] [MainThread]: Sending event: {'category': 'dbt', 'action': 'runnable_timing', 'label': '41dd847b-bf02-41a4-a772-fee881dfd862', 'context': [<snowplow_tracker.self_describing_json.SelfDescribingJson object at 0x10c0adfd0>]}
[0m12:21:03.322213 [debug] [MainThread]: Using duckdb connection "master"
[0m12:21:03.322347 [debug] [MainThread]: On master: BEGIN
[0m12:21:03.322465 [debug] [MainThread]: Opening a new connection, currently in state init
[0m12:21:03.322676 [debug] [MainThread]: SQL status: OK in 0.000 seconds
[0m12:21:03.322801 [debug] [MainThread]: On master: COMMIT
[0m12:21:03.322920 [debug] [MainThread]: Using duckdb connection "master"
[0m12:21:03.323035 [debug] [MainThread]: On master: COMMIT
[0m12:21:03.323204 [debug] [MainThread]: SQL status: OK in 0.000 seconds
[0m12:21:03.323325 [debug] [MainThread]: On master: Close
[0m12:21:03.324621 [debug] [Thread-1 (]: Began running node model.medallion_dbt.stg_transactions
[0m12:21:03.324858 [info ] [Thread-1 (]: 1 of 2 START sql view model main.stg_transactions .............................. [RUN]
[0m12:21:03.325045 [debug] [Thread-1 (]: Re-using an available connection from the pool (formerly list_medallion_main, now model.medallion_dbt.stg_transactions)
[0m12:21:03.325202 [debug] [Thread-1 (]: Began compiling node model.medallion_dbt.stg_transactions
[0m12:21:03.329563 [debug] [Thread-1 (]: Writing injected SQL for node "model.medallion_dbt.stg_transactions"
[0m12:21:03.329957 [debug] [Thread-1 (]: Began executing node model.medallion_dbt.stg_transactions
[0m12:21:03.345895 [debug] [Thread-1 (]: Writing runtime sql for node "model.medallion_dbt.stg_transactions"
[0m12:21:03.346373 [debug] [Thread-1 (]: Using duckdb connection "model.medallion_dbt.stg_transactions"
[0m12:21:03.346540 [debug] [Thread-1 (]: On model.medallion_dbt.stg_transactions: BEGIN
[0m12:21:03.346684 [debug] [Thread-1 (]: Opening a new connection, currently in state closed
[0m12:21:03.347037 [debug] [Thread-1 (]: SQL status: OK in 0.000 seconds
[0m12:21:03.347185 [debug] [Thread-1 (]: Using duckdb connection "model.medallion_dbt.stg_transactions"
[0m12:21:03.347339 [debug] [Thread-1 (]: On model.medallion_dbt.stg_transactions: /* {"app": "dbt", "dbt_version": "1.10.15", "profile_name": "medallion_duckdb", "target_name": "dev", "node_id": "model.medallion_dbt.stg_transactions"} */

  
  create view "medallion"."main"."stg_transactions__dbt_tmp" as (
    


with source as (
    select *
    from read_parquet(
        '/Users/nicolasvelazquez/documents/udesa/ingenieriadatos/examen_ing_de_sw_n_data_final/data/clean/transactions_20251201_clean.parquet'
    )
)

select
    transaction_id,
    customer_id,
    transaction_date,
    amount,
    status
from source
  );

[0m12:21:03.349767 [debug] [Thread-1 (]: SQL status: OK in 0.002 seconds
[0m12:21:03.352634 [debug] [Thread-1 (]: Using duckdb connection "model.medallion_dbt.stg_transactions"
[0m12:21:03.352815 [debug] [Thread-1 (]: On model.medallion_dbt.stg_transactions: /* {"app": "dbt", "dbt_version": "1.10.15", "profile_name": "medallion_duckdb", "target_name": "dev", "node_id": "model.medallion_dbt.stg_transactions"} */
alter view "medallion"."main"."stg_transactions__dbt_tmp" rename to "stg_transactions"
[0m12:21:03.354115 [debug] [Thread-1 (]: SQL status: OK in 0.001 seconds
[0m12:21:03.358890 [debug] [Thread-1 (]: On model.medallion_dbt.stg_transactions: COMMIT
[0m12:21:03.359074 [debug] [Thread-1 (]: Using duckdb connection "model.medallion_dbt.stg_transactions"
[0m12:21:03.359227 [debug] [Thread-1 (]: On model.medallion_dbt.stg_transactions: COMMIT
[0m12:21:03.359988 [debug] [Thread-1 (]: SQL status: OK in 0.001 seconds
[0m12:21:03.362348 [debug] [Thread-1 (]: Using duckdb connection "model.medallion_dbt.stg_transactions"
[0m12:21:03.362523 [debug] [Thread-1 (]: On model.medallion_dbt.stg_transactions: /* {"app": "dbt", "dbt_version": "1.10.15", "profile_name": "medallion_duckdb", "target_name": "dev", "node_id": "model.medallion_dbt.stg_transactions"} */

      drop view if exists "medallion"."main"."stg_transactions__dbt_backup" cascade
    
[0m12:21:03.362783 [debug] [Thread-1 (]: SQL status: OK in 0.000 seconds
[0m12:21:03.363907 [debug] [Thread-1 (]: On model.medallion_dbt.stg_transactions: Close
[0m12:21:03.364874 [debug] [Thread-1 (]: Sending event: {'category': 'dbt', 'action': 'run_model', 'label': '41dd847b-bf02-41a4-a772-fee881dfd862', 'context': [<snowplow_tracker.self_describing_json.SelfDescribingJson object at 0x10c2fcc00>]}
[0m12:21:03.365193 [info ] [Thread-1 (]: 1 of 2 OK created sql view model main.stg_transactions ......................... [[32mOK[0m in 0.04s]
[0m12:21:03.365457 [debug] [Thread-1 (]: Finished running node model.medallion_dbt.stg_transactions
[0m12:21:03.365786 [debug] [Thread-2 (]: Began running node model.medallion_dbt.fct_customer_transactions
[0m12:21:03.366029 [info ] [Thread-2 (]: 2 of 2 START sql table model main.fct_customer_transactions .................... [RUN]
[0m12:21:03.366285 [debug] [Thread-2 (]: Acquiring new duckdb connection 'model.medallion_dbt.fct_customer_transactions'
[0m12:21:03.366447 [debug] [Thread-2 (]: Began compiling node model.medallion_dbt.fct_customer_transactions
[0m12:21:03.367548 [debug] [Thread-2 (]: Writing injected SQL for node "model.medallion_dbt.fct_customer_transactions"
[0m12:21:03.367937 [debug] [Thread-2 (]: Began executing node model.medallion_dbt.fct_customer_transactions
[0m12:21:03.376938 [debug] [Thread-2 (]: Writing runtime sql for node "model.medallion_dbt.fct_customer_transactions"
[0m12:21:03.377352 [debug] [Thread-2 (]: Using duckdb connection "model.medallion_dbt.fct_customer_transactions"
[0m12:21:03.377522 [debug] [Thread-2 (]: On model.medallion_dbt.fct_customer_transactions: BEGIN
[0m12:21:03.377666 [debug] [Thread-2 (]: Opening a new connection, currently in state init
[0m12:21:03.377938 [debug] [Thread-2 (]: SQL status: OK in 0.000 seconds
[0m12:21:03.378087 [debug] [Thread-2 (]: Using duckdb connection "model.medallion_dbt.fct_customer_transactions"
[0m12:21:03.378243 [debug] [Thread-2 (]: On model.medallion_dbt.fct_customer_transactions: /* {"app": "dbt", "dbt_version": "1.10.15", "profile_name": "medallion_duckdb", "target_name": "dev", "node_id": "model.medallion_dbt.fct_customer_transactions"} */

  
    
    

    create  table
      "medallion"."main"."fct_customer_transactions__dbt_tmp"
  
    as (
      with base as (
    select * from "medallion"."main"."stg_transactions"
)

-- TODO: Completar el modelo para que cree la tabla fct_customer_transactions con las metricas en schema.yml.
    );
  
  
[0m12:21:03.381352 [debug] [Thread-2 (]: DuckDB adapter: Error running SQL: /* {"app": "dbt", "dbt_version": "1.10.15", "profile_name": "medallion_duckdb", "target_name": "dev", "node_id": "model.medallion_dbt.fct_customer_transactions"} */

  
    
    

    create  table
      "medallion"."main"."fct_customer_transactions__dbt_tmp"
  
    as (
      with base as (
    select * from "medallion"."main"."stg_transactions"
)

-- TODO: Completar el modelo para que cree la tabla fct_customer_transactions con las metricas en schema.yml.
    );
  
  
[0m12:21:03.381515 [debug] [Thread-2 (]: DuckDB adapter: Rolling back transaction.
[0m12:21:03.381700 [debug] [Thread-2 (]: On model.medallion_dbt.fct_customer_transactions: ROLLBACK
[0m12:21:03.387112 [debug] [Thread-2 (]: Failed to rollback 'model.medallion_dbt.fct_customer_transactions'
[0m12:21:03.387311 [debug] [Thread-2 (]: On model.medallion_dbt.fct_customer_transactions: Close
[0m12:21:03.389240 [debug] [Thread-2 (]: Runtime Error in model fct_customer_transactions (models/marts/fct_customer_transactions.sql)
  Parser Error: syntax error at or near ")"
  
  LINE 16:     );
               ^
[0m12:21:03.389469 [debug] [Thread-2 (]: Sending event: {'category': 'dbt', 'action': 'run_model', 'label': '41dd847b-bf02-41a4-a772-fee881dfd862', 'context': [<snowplow_tracker.self_describing_json.SelfDescribingJson object at 0x10c44d270>]}
[0m12:21:03.389771 [error] [Thread-2 (]: 2 of 2 ERROR creating sql table model main.fct_customer_transactions ........... [[31mERROR[0m in 0.02s]
[0m12:21:03.390032 [debug] [Thread-2 (]: Finished running node model.medallion_dbt.fct_customer_transactions
[0m12:21:03.390248 [debug] [Thread-7 (]: Marking all children of 'model.medallion_dbt.fct_customer_transactions' to be skipped because of status 'error'.  Reason: Runtime Error in model fct_customer_transactions (models/marts/fct_customer_transactions.sql)
  Parser Error: syntax error at or near ")"
  
  LINE 16:     );
               ^.
[0m12:21:03.391103 [debug] [MainThread]: Using duckdb connection "master"
[0m12:21:03.391247 [debug] [MainThread]: On master: BEGIN
[0m12:21:03.391362 [debug] [MainThread]: Opening a new connection, currently in state closed
[0m12:21:03.391630 [debug] [MainThread]: SQL status: OK in 0.000 seconds
[0m12:21:03.391757 [debug] [MainThread]: On master: COMMIT
[0m12:21:03.391879 [debug] [MainThread]: Using duckdb connection "master"
[0m12:21:03.391992 [debug] [MainThread]: On master: COMMIT
[0m12:21:03.392161 [debug] [MainThread]: SQL status: OK in 0.000 seconds
[0m12:21:03.392282 [debug] [MainThread]: On master: Close
[0m12:21:03.392433 [debug] [MainThread]: Connection 'master' was properly closed.
[0m12:21:03.392547 [debug] [MainThread]: Connection 'model.medallion_dbt.stg_transactions' was properly closed.
[0m12:21:03.392654 [debug] [MainThread]: Connection 'model.medallion_dbt.fct_customer_transactions' was properly closed.
[0m12:21:03.392782 [info ] [MainThread]: 
[0m12:21:03.392913 [info ] [MainThread]: Finished running 1 table model, 1 view model in 0 hours 0 minutes and 0.14 seconds (0.14s).
[0m12:21:03.393259 [debug] [MainThread]: Command end result
[0m12:21:03.404137 [debug] [MainThread]: Wrote artifact WritableManifest to /Users/nicolasvelazquez/documents/udesa/ingenieriadatos/examen_ing_de_sw_n_data_final/dbt/target/manifest.json
[0m12:21:03.404956 [debug] [MainThread]: Wrote artifact SemanticManifest to /Users/nicolasvelazquez/documents/udesa/ingenieriadatos/examen_ing_de_sw_n_data_final/dbt/target/semantic_manifest.json
[0m12:21:03.407613 [debug] [MainThread]: Wrote artifact RunExecutionResult to /Users/nicolasvelazquez/documents/udesa/ingenieriadatos/examen_ing_de_sw_n_data_final/dbt/target/run_results.json
[0m12:21:03.407771 [info ] [MainThread]: 
[0m12:21:03.407944 [info ] [MainThread]: [31mCompleted with 1 error, 0 partial successes, and 0 warnings:[0m
[0m12:21:03.408077 [info ] [MainThread]: 
[0m12:21:03.408248 [error] [MainThread]: [31mFailure in model fct_customer_transactions (models/marts/fct_customer_transactions.sql)[0m
[0m12:21:03.408411 [error] [MainThread]:   Runtime Error in model fct_customer_transactions (models/marts/fct_customer_transactions.sql)
  Parser Error: syntax error at or near ")"
  
  LINE 16:     );
               ^
[0m12:21:03.408532 [info ] [MainThread]: 
[0m12:21:03.408679 [info ] [MainThread]:   compiled code at target/compiled/medallion_dbt/models/marts/fct_customer_transactions.sql
[0m12:21:03.408801 [info ] [MainThread]: 
[0m12:21:03.408939 [info ] [MainThread]: Done. PASS=1 WARN=0 ERROR=1 SKIP=0 NO-OP=0 TOTAL=2
[0m12:21:03.409175 [warn ] [MainThread]: [[33mWARNING[0m][DeprecationsSummary]: Deprecated functionality
Summary of encountered deprecations:
- MissingArgumentsPropertyInGenericTestDeprecation: 1 occurrence
To see all deprecation instances instead of just the first occurrence of each,
run command again with the `--show-all-deprecations` flag. You may also need to
run with `--no-partial-parse` as some deprecations are only encountered during
parsing.
[0m12:21:03.411340 [debug] [MainThread]: Resource report: {"command_name": "run", "command_success": false, "command_wall_clock_time": 0.8128967, "process_in_blocks": "0", "process_kernel_time": 0.196393, "process_mem_max_rss": "154910720", "process_out_blocks": "0", "process_user_time": 1.234274}
[0m12:21:03.411571 [debug] [MainThread]: Command `dbt run` failed at 12:21:03.411529 after 0.81 seconds
[0m12:21:03.411757 [debug] [MainThread]: Sending event: {'category': 'dbt', 'action': 'invocation', 'label': 'end', 'context': [<snowplow_tracker.self_describing_json.SelfDescribingJson object at 0x10b87e750>, <snowplow_tracker.self_describing_json.SelfDescribingJson object at 0x10ba82350>, <snowplow_tracker.self_describing_json.SelfDescribingJson object at 0x10b8bcc20>]}
[0m12:21:03.411924 [debug] [MainThread]: Flushing usage events
[0m12:21:04.265246 [debug] [MainThread]: An error was encountered while trying to flush usage events
[0m12:22:52.617759 [debug] [MainThread]: Sending event: {'category': 'dbt', 'action': 'invocation', 'label': 'start', 'context': [<snowplow_tracker.self_describing_json.SelfDescribingJson object at 0x10cb638c0>, <snowplow_tracker.self_describing_json.SelfDescribingJson object at 0x10e1a3890>, <snowplow_tracker.self_describing_json.SelfDescribingJson object at 0x10e1a39d0>]}


============================== 12:22:52.620546 | 4720dede-c34d-4fbe-a5fa-3b97713b4fec ==============================
[0m12:22:52.620546 [info ] [MainThread]: Running with dbt=1.10.15
[0m12:22:52.620880 [debug] [MainThread]: running dbt with arguments {'partial_parse': 'True', 'log_path': '/Users/nicolasvelazquez/documents/udesa/ingenieriadatos/examen_ing_de_sw_n_data_final/dbt/logs', 'warn_error_options': 'WarnErrorOptionsV2(error=[], warn=[], silence=[])', 'introspect': 'True', 'printer_width': '80', 'target_path': 'None', 'log_format': 'default', 'static_parser': 'True', 'use_colors': 'True', 'no_print': 'None', 'profiles_dir': '/Users/nicolasvelazquez/documents/udesa/ingenieriadatos/examen_ing_de_sw_n_data_final/profiles', 'use_experimental_parser': 'False', 'fail_fast': 'False', 'send_anonymous_usage_stats': 'True', 'log_cache_events': 'False', 'write_json': 'True', 'empty': 'False', 'indirect_selection': 'eager', 'debug': 'False', 'version_check': 'True', 'cache_selected_only': 'False', 'quiet': 'False', 'invocation_command': 'dbt run --project-dir /Users/nicolasvelazquez/documents/udesa/ingenieriadatos/examen_ing_de_sw_n_data_final/dbt', 'warn_error': 'None'}
[0m12:22:52.796489 [debug] [MainThread]: Sending event: {'category': 'dbt', 'action': 'project_id', 'label': '4720dede-c34d-4fbe-a5fa-3b97713b4fec', 'context': [<snowplow_tracker.self_describing_json.SelfDescribingJson object at 0x10d49e060>]}
[0m12:22:52.824959 [debug] [MainThread]: Sending event: {'category': 'dbt', 'action': 'adapter_info', 'label': '4720dede-c34d-4fbe-a5fa-3b97713b4fec', 'context': [<snowplow_tracker.self_describing_json.SelfDescribingJson object at 0x10e0d3020>]}
[0m12:22:52.826418 [info ] [MainThread]: Registered adapter: duckdb=1.10.0
[0m12:22:52.883397 [debug] [MainThread]: checksum: 14a228079bd6df63ba81633f9a3cf44ecfaa31056ac397c602753ec895dbf885, vars: {}, profile: , target: , version: 1.10.15
[0m12:22:52.958640 [debug] [MainThread]: Partial parsing enabled: 0 files deleted, 0 files added, 1 files changed.
[0m12:22:52.959028 [debug] [MainThread]: Partial parsing: updated file: medallion_dbt://models/marts/fct_customer_transactions.sql
[0m12:22:53.183812 [debug] [MainThread]: Sending event: {'category': 'dbt', 'action': 'load_project', 'label': '4720dede-c34d-4fbe-a5fa-3b97713b4fec', 'context': [<snowplow_tracker.self_describing_json.SelfDescribingJson object at 0x10e6a3450>]}
[0m12:22:53.217197 [debug] [MainThread]: Wrote artifact WritableManifest to /Users/nicolasvelazquez/documents/udesa/ingenieriadatos/examen_ing_de_sw_n_data_final/dbt/target/manifest.json
[0m12:22:53.218395 [debug] [MainThread]: Wrote artifact SemanticManifest to /Users/nicolasvelazquez/documents/udesa/ingenieriadatos/examen_ing_de_sw_n_data_final/dbt/target/semantic_manifest.json
[0m12:22:53.230272 [debug] [MainThread]: Sending event: {'category': 'dbt', 'action': 'resource_counts', 'label': '4720dede-c34d-4fbe-a5fa-3b97713b4fec', 'context': [<snowplow_tracker.self_describing_json.SelfDescribingJson object at 0x10e447e30>]}
[0m12:22:53.230514 [info ] [MainThread]: Found 2 models, 16 data tests, 469 macros
[0m12:22:53.230682 [debug] [MainThread]: Sending event: {'category': 'dbt', 'action': 'runnable_timing', 'label': '4720dede-c34d-4fbe-a5fa-3b97713b4fec', 'context': [<snowplow_tracker.self_describing_json.SelfDescribingJson object at 0x10e387070>]}
[0m12:22:53.231626 [info ] [MainThread]: 
[0m12:22:53.231799 [info ] [MainThread]: Concurrency: 4 threads (target='dev')
[0m12:22:53.231928 [info ] [MainThread]: 
[0m12:22:53.232150 [debug] [MainThread]: Acquiring new duckdb connection 'master'
[0m12:22:53.234349 [debug] [ThreadPool]: Acquiring new duckdb connection 'list_medallion'
[0m12:22:53.263894 [debug] [ThreadPool]: Using duckdb connection "list_medallion"
[0m12:22:53.264114 [debug] [ThreadPool]: On list_medallion: /* {"app": "dbt", "dbt_version": "1.10.15", "profile_name": "medallion_duckdb", "target_name": "dev", "connection_name": "list_medallion"} */

    
    select schema_name
    from system.information_schema.schemata
    
    where lower(catalog_name) = '"medallion"'
    
  
  
[0m12:22:53.264258 [debug] [ThreadPool]: Opening a new connection, currently in state init
[0m12:22:53.276691 [debug] [ThreadPool]: SQL status: OK in 0.012 seconds
[0m12:22:53.277422 [debug] [ThreadPool]: On list_medallion: Close
[0m12:22:53.277770 [debug] [ThreadPool]: Re-using an available connection from the pool (formerly list_medallion, now create_medallion_main)
[0m12:22:53.277984 [debug] [ThreadPool]: Creating schema "database: "medallion"
schema: "main"
"
[0m12:22:53.281017 [debug] [ThreadPool]: Using duckdb connection "create_medallion_main"
[0m12:22:53.281178 [debug] [ThreadPool]: On create_medallion_main: /* {"app": "dbt", "dbt_version": "1.10.15", "profile_name": "medallion_duckdb", "target_name": "dev", "connection_name": "create_medallion_main"} */

    
        select type from duckdb_databases()
        where lower(database_name)='medallion'
        and type='sqlite'
    
  
[0m12:22:53.281310 [debug] [ThreadPool]: Opening a new connection, currently in state closed
[0m12:22:53.281896 [debug] [ThreadPool]: SQL status: OK in 0.001 seconds
[0m12:22:53.282489 [debug] [ThreadPool]: Using duckdb connection "create_medallion_main"
[0m12:22:53.282629 [debug] [ThreadPool]: On create_medallion_main: BEGIN
[0m12:22:53.282830 [debug] [ThreadPool]: SQL status: OK in 0.000 seconds
[0m12:22:53.282959 [debug] [ThreadPool]: Using duckdb connection "create_medallion_main"
[0m12:22:53.283095 [debug] [ThreadPool]: On create_medallion_main: /* {"app": "dbt", "dbt_version": "1.10.15", "profile_name": "medallion_duckdb", "target_name": "dev", "connection_name": "create_medallion_main"} */

    
    
        create schema if not exists "medallion"."main"
    
[0m12:22:53.283417 [debug] [ThreadPool]: SQL status: OK in 0.000 seconds
[0m12:22:53.283832 [debug] [ThreadPool]: On create_medallion_main: COMMIT
[0m12:22:53.283966 [debug] [ThreadPool]: Using duckdb connection "create_medallion_main"
[0m12:22:53.284084 [debug] [ThreadPool]: On create_medallion_main: COMMIT
[0m12:22:53.284264 [debug] [ThreadPool]: SQL status: OK in 0.000 seconds
[0m12:22:53.284393 [debug] [ThreadPool]: On create_medallion_main: Close
[0m12:22:53.284887 [debug] [ThreadPool]: Re-using an available connection from the pool (formerly create_medallion_main, now list_medallion_main)
[0m12:22:53.287607 [debug] [ThreadPool]: Using duckdb connection "list_medallion_main"
[0m12:22:53.287759 [debug] [ThreadPool]: On list_medallion_main: BEGIN
[0m12:22:53.287878 [debug] [ThreadPool]: Opening a new connection, currently in state closed
[0m12:22:53.288092 [debug] [ThreadPool]: SQL status: OK in 0.000 seconds
[0m12:22:53.288219 [debug] [ThreadPool]: Using duckdb connection "list_medallion_main"
[0m12:22:53.288350 [debug] [ThreadPool]: On list_medallion_main: /* {"app": "dbt", "dbt_version": "1.10.15", "profile_name": "medallion_duckdb", "target_name": "dev", "connection_name": "list_medallion_main"} */
select
      'medallion' as database,
      table_name as name,
      table_schema as schema,
      CASE table_type
        WHEN 'BASE TABLE' THEN 'table'
        WHEN 'VIEW' THEN 'view'
        WHEN 'LOCAL TEMPORARY' THEN 'table'
        END as type
    from system.information_schema.tables
    where lower(table_schema) = 'main'
    and lower(table_catalog) = 'medallion'
  
[0m12:22:53.296239 [debug] [ThreadPool]: SQL status: OK in 0.008 seconds
[0m12:22:53.296898 [debug] [ThreadPool]: On list_medallion_main: ROLLBACK
[0m12:22:53.297768 [debug] [ThreadPool]: Failed to rollback 'list_medallion_main'
[0m12:22:53.297925 [debug] [ThreadPool]: On list_medallion_main: Close
[0m12:22:53.298283 [debug] [MainThread]: Sending event: {'category': 'dbt', 'action': 'runnable_timing', 'label': '4720dede-c34d-4fbe-a5fa-3b97713b4fec', 'context': [<snowplow_tracker.self_describing_json.SelfDescribingJson object at 0x10e965640>]}
[0m12:22:53.298500 [debug] [MainThread]: Using duckdb connection "master"
[0m12:22:53.298629 [debug] [MainThread]: On master: BEGIN
[0m12:22:53.298744 [debug] [MainThread]: Opening a new connection, currently in state init
[0m12:22:53.298957 [debug] [MainThread]: SQL status: OK in 0.000 seconds
[0m12:22:53.299088 [debug] [MainThread]: On master: COMMIT
[0m12:22:53.299211 [debug] [MainThread]: Using duckdb connection "master"
[0m12:22:53.299329 [debug] [MainThread]: On master: COMMIT
[0m12:22:53.299498 [debug] [MainThread]: SQL status: OK in 0.000 seconds
[0m12:22:53.299624 [debug] [MainThread]: On master: Close
[0m12:22:53.300962 [debug] [Thread-1 (]: Began running node model.medallion_dbt.stg_transactions
[0m12:22:53.301211 [info ] [Thread-1 (]: 1 of 2 START sql view model main.stg_transactions .............................. [RUN]
[0m12:22:53.301411 [debug] [Thread-1 (]: Re-using an available connection from the pool (formerly list_medallion_main, now model.medallion_dbt.stg_transactions)
[0m12:22:53.301569 [debug] [Thread-1 (]: Began compiling node model.medallion_dbt.stg_transactions
[0m12:22:53.305971 [debug] [Thread-1 (]: Writing injected SQL for node "model.medallion_dbt.stg_transactions"
[0m12:22:53.306355 [debug] [Thread-1 (]: Began executing node model.medallion_dbt.stg_transactions
[0m12:22:53.320323 [debug] [Thread-1 (]: Writing runtime sql for node "model.medallion_dbt.stg_transactions"
[0m12:22:53.320713 [debug] [Thread-1 (]: Using duckdb connection "model.medallion_dbt.stg_transactions"
[0m12:22:53.320891 [debug] [Thread-1 (]: On model.medallion_dbt.stg_transactions: BEGIN
[0m12:22:53.321053 [debug] [Thread-1 (]: Opening a new connection, currently in state closed
[0m12:22:53.321361 [debug] [Thread-1 (]: SQL status: OK in 0.000 seconds
[0m12:22:53.321520 [debug] [Thread-1 (]: Using duckdb connection "model.medallion_dbt.stg_transactions"
[0m12:22:53.321690 [debug] [Thread-1 (]: On model.medallion_dbt.stg_transactions: /* {"app": "dbt", "dbt_version": "1.10.15", "profile_name": "medallion_duckdb", "target_name": "dev", "node_id": "model.medallion_dbt.stg_transactions"} */

  
  create view "medallion"."main"."stg_transactions__dbt_tmp" as (
    


with source as (
    select *
    from read_parquet(
        '/Users/nicolasvelazquez/documents/udesa/ingenieriadatos/examen_ing_de_sw_n_data_final/data/clean/transactions_20251201_clean.parquet'
    )
)

select
    transaction_id,
    customer_id,
    transaction_date,
    amount,
    status
from source
  );

[0m12:22:53.324361 [debug] [Thread-1 (]: SQL status: OK in 0.003 seconds
[0m12:22:53.328895 [debug] [Thread-1 (]: Using duckdb connection "model.medallion_dbt.stg_transactions"
[0m12:22:53.329098 [debug] [Thread-1 (]: On model.medallion_dbt.stg_transactions: /* {"app": "dbt", "dbt_version": "1.10.15", "profile_name": "medallion_duckdb", "target_name": "dev", "node_id": "model.medallion_dbt.stg_transactions"} */
alter view "medallion"."main"."stg_transactions" rename to "stg_transactions__dbt_backup"
[0m12:22:53.329969 [debug] [Thread-1 (]: SQL status: OK in 0.001 seconds
[0m12:22:53.331182 [debug] [Thread-1 (]: Using duckdb connection "model.medallion_dbt.stg_transactions"
[0m12:22:53.331347 [debug] [Thread-1 (]: On model.medallion_dbt.stg_transactions: /* {"app": "dbt", "dbt_version": "1.10.15", "profile_name": "medallion_duckdb", "target_name": "dev", "node_id": "model.medallion_dbt.stg_transactions"} */
alter view "medallion"."main"."stg_transactions__dbt_tmp" rename to "stg_transactions"
[0m12:22:53.331607 [debug] [Thread-1 (]: SQL status: OK in 0.000 seconds
[0m12:22:53.337091 [debug] [Thread-1 (]: On model.medallion_dbt.stg_transactions: COMMIT
[0m12:22:53.337276 [debug] [Thread-1 (]: Using duckdb connection "model.medallion_dbt.stg_transactions"
[0m12:22:53.337434 [debug] [Thread-1 (]: On model.medallion_dbt.stg_transactions: COMMIT
[0m12:22:53.338122 [debug] [Thread-1 (]: SQL status: OK in 0.001 seconds
[0m12:22:53.340518 [debug] [Thread-1 (]: Using duckdb connection "model.medallion_dbt.stg_transactions"
[0m12:22:53.340697 [debug] [Thread-1 (]: On model.medallion_dbt.stg_transactions: /* {"app": "dbt", "dbt_version": "1.10.15", "profile_name": "medallion_duckdb", "target_name": "dev", "node_id": "model.medallion_dbt.stg_transactions"} */

      drop view if exists "medallion"."main"."stg_transactions__dbt_backup" cascade
    
[0m12:22:53.341240 [debug] [Thread-1 (]: SQL status: OK in 0.000 seconds
[0m12:22:53.342373 [debug] [Thread-1 (]: On model.medallion_dbt.stg_transactions: Close
[0m12:22:53.343298 [debug] [Thread-1 (]: Sending event: {'category': 'dbt', 'action': 'run_model', 'label': '4720dede-c34d-4fbe-a5fa-3b97713b4fec', 'context': [<snowplow_tracker.self_describing_json.SelfDescribingJson object at 0x10e9b6810>]}
[0m12:22:53.343613 [info ] [Thread-1 (]: 1 of 2 OK created sql view model main.stg_transactions ......................... [[32mOK[0m in 0.04s]
[0m12:22:53.343871 [debug] [Thread-1 (]: Finished running node model.medallion_dbt.stg_transactions
[0m12:22:53.344229 [debug] [Thread-2 (]: Began running node model.medallion_dbt.fct_customer_transactions
[0m12:22:53.344467 [info ] [Thread-2 (]: 2 of 2 START sql table model main.fct_customer_transactions .................... [RUN]
[0m12:22:53.344698 [debug] [Thread-2 (]: Acquiring new duckdb connection 'model.medallion_dbt.fct_customer_transactions'
[0m12:22:53.344856 [debug] [Thread-2 (]: Began compiling node model.medallion_dbt.fct_customer_transactions
[0m12:22:53.345953 [debug] [Thread-2 (]: Writing injected SQL for node "model.medallion_dbt.fct_customer_transactions"
[0m12:22:53.346321 [debug] [Thread-2 (]: Began executing node model.medallion_dbt.fct_customer_transactions
[0m12:22:53.355401 [debug] [Thread-2 (]: Writing runtime sql for node "model.medallion_dbt.fct_customer_transactions"
[0m12:22:53.355791 [debug] [Thread-2 (]: Using duckdb connection "model.medallion_dbt.fct_customer_transactions"
[0m12:22:53.355964 [debug] [Thread-2 (]: On model.medallion_dbt.fct_customer_transactions: BEGIN
[0m12:22:53.356111 [debug] [Thread-2 (]: Opening a new connection, currently in state init
[0m12:22:53.356409 [debug] [Thread-2 (]: SQL status: OK in 0.000 seconds
[0m12:22:53.356560 [debug] [Thread-2 (]: Using duckdb connection "model.medallion_dbt.fct_customer_transactions"
[0m12:22:53.356723 [debug] [Thread-2 (]: On model.medallion_dbt.fct_customer_transactions: /* {"app": "dbt", "dbt_version": "1.10.15", "profile_name": "medallion_duckdb", "target_name": "dev", "node_id": "model.medallion_dbt.fct_customer_transactions"} */

  
    
    

    create  table
      "medallion"."main"."fct_customer_transactions__dbt_tmp"
  
    as (
      with transactions as (
    select * from "medallion"."main"."stg_transactions"
),

customer_stats as (
    select
        customer_id,
        count(transaction_id) as total_transactions,
        sum(amount) as total_amount,
        max(transaction_date) as last_transaction_date
    from transactions
    group by customer_id
)

select * from customer_stats
    );
  
  
[0m12:22:53.363768 [debug] [Thread-2 (]: SQL status: OK in 0.007 seconds
[0m12:22:53.365022 [debug] [Thread-2 (]: Using duckdb connection "model.medallion_dbt.fct_customer_transactions"
[0m12:22:53.365194 [debug] [Thread-2 (]: On model.medallion_dbt.fct_customer_transactions: /* {"app": "dbt", "dbt_version": "1.10.15", "profile_name": "medallion_duckdb", "target_name": "dev", "node_id": "model.medallion_dbt.fct_customer_transactions"} */
alter table "medallion"."main"."fct_customer_transactions__dbt_tmp" rename to "fct_customer_transactions"
[0m12:22:53.365468 [debug] [Thread-2 (]: SQL status: OK in 0.000 seconds
[0m12:22:53.367640 [debug] [Thread-2 (]: On model.medallion_dbt.fct_customer_transactions: COMMIT
[0m12:22:53.367822 [debug] [Thread-2 (]: Using duckdb connection "model.medallion_dbt.fct_customer_transactions"
[0m12:22:53.367975 [debug] [Thread-2 (]: On model.medallion_dbt.fct_customer_transactions: COMMIT
[0m12:22:53.368294 [debug] [Thread-2 (]: SQL status: OK in 0.000 seconds
[0m12:22:53.369179 [debug] [Thread-2 (]: Using duckdb connection "model.medallion_dbt.fct_customer_transactions"
[0m12:22:53.369343 [debug] [Thread-2 (]: On model.medallion_dbt.fct_customer_transactions: /* {"app": "dbt", "dbt_version": "1.10.15", "profile_name": "medallion_duckdb", "target_name": "dev", "node_id": "model.medallion_dbt.fct_customer_transactions"} */

      drop table if exists "medallion"."main"."fct_customer_transactions__dbt_backup" cascade
    
[0m12:22:53.369585 [debug] [Thread-2 (]: SQL status: OK in 0.000 seconds
[0m12:22:53.370180 [debug] [Thread-2 (]: On model.medallion_dbt.fct_customer_transactions: Close
[0m12:22:53.370420 [debug] [Thread-2 (]: Sending event: {'category': 'dbt', 'action': 'run_model', 'label': '4720dede-c34d-4fbe-a5fa-3b97713b4fec', 'context': [<snowplow_tracker.self_describing_json.SelfDescribingJson object at 0x10ec9c9f0>]}
[0m12:22:53.370701 [info ] [Thread-2 (]: 2 of 2 OK created sql table model main.fct_customer_transactions ............... [[32mOK[0m in 0.03s]
[0m12:22:53.370942 [debug] [Thread-2 (]: Finished running node model.medallion_dbt.fct_customer_transactions
[0m12:22:53.371495 [debug] [MainThread]: Using duckdb connection "master"
[0m12:22:53.371651 [debug] [MainThread]: On master: BEGIN
[0m12:22:53.371778 [debug] [MainThread]: Opening a new connection, currently in state closed
[0m12:22:53.371991 [debug] [MainThread]: SQL status: OK in 0.000 seconds
[0m12:22:53.372121 [debug] [MainThread]: On master: COMMIT
[0m12:22:53.372246 [debug] [MainThread]: Using duckdb connection "master"
[0m12:22:53.372364 [debug] [MainThread]: On master: COMMIT
[0m12:22:53.372559 [debug] [MainThread]: SQL status: OK in 0.000 seconds
[0m12:22:53.372688 [debug] [MainThread]: On master: Close
[0m12:22:53.372849 [debug] [MainThread]: Connection 'master' was properly closed.
[0m12:22:53.372969 [debug] [MainThread]: Connection 'model.medallion_dbt.stg_transactions' was properly closed.
[0m12:22:53.373077 [debug] [MainThread]: Connection 'model.medallion_dbt.fct_customer_transactions' was properly closed.
[0m12:22:53.373204 [info ] [MainThread]: 
[0m12:22:53.373340 [info ] [MainThread]: Finished running 1 table model, 1 view model in 0 hours 0 minutes and 0.14 seconds (0.14s).
[0m12:22:53.373674 [debug] [MainThread]: Command end result
[0m12:22:53.384731 [debug] [MainThread]: Wrote artifact WritableManifest to /Users/nicolasvelazquez/documents/udesa/ingenieriadatos/examen_ing_de_sw_n_data_final/dbt/target/manifest.json
[0m12:22:53.385562 [debug] [MainThread]: Wrote artifact SemanticManifest to /Users/nicolasvelazquez/documents/udesa/ingenieriadatos/examen_ing_de_sw_n_data_final/dbt/target/semantic_manifest.json
[0m12:22:53.388246 [debug] [MainThread]: Wrote artifact RunExecutionResult to /Users/nicolasvelazquez/documents/udesa/ingenieriadatos/examen_ing_de_sw_n_data_final/dbt/target/run_results.json
[0m12:22:53.388410 [info ] [MainThread]: 
[0m12:22:53.388583 [info ] [MainThread]: [32mCompleted successfully[0m
[0m12:22:53.388711 [info ] [MainThread]: 
[0m12:22:53.388856 [info ] [MainThread]: Done. PASS=2 WARN=0 ERROR=0 SKIP=0 NO-OP=0 TOTAL=2
[0m12:22:53.391015 [debug] [MainThread]: Resource report: {"command_name": "run", "command_success": true, "command_wall_clock_time": 0.8097587, "process_in_blocks": "0", "process_kernel_time": 0.198971, "process_mem_max_rss": "156106752", "process_out_blocks": "0", "process_user_time": 1.240466}
[0m12:22:53.391223 [debug] [MainThread]: Command `dbt run` succeeded at 12:22:53.391181 after 0.81 seconds
[0m12:22:53.391386 [debug] [MainThread]: Sending event: {'category': 'dbt', 'action': 'invocation', 'label': 'end', 'context': [<snowplow_tracker.self_describing_json.SelfDescribingJson object at 0x10ed3f7f0>, <snowplow_tracker.self_describing_json.SelfDescribingJson object at 0x10e77f380>, <snowplow_tracker.self_describing_json.SelfDescribingJson object at 0x10e6a9650>]}
[0m12:22:53.391551 [debug] [MainThread]: Flushing usage events
[0m12:22:54.242518 [debug] [MainThread]: An error was encountered while trying to flush usage events
[0m12:22:55.714379 [debug] [MainThread]: Sending event: {'category': 'dbt', 'action': 'invocation', 'label': 'start', 'context': [<snowplow_tracker.self_describing_json.SelfDescribingJson object at 0x107e5b8c0>, <snowplow_tracker.self_describing_json.SelfDescribingJson object at 0x109497890>, <snowplow_tracker.self_describing_json.SelfDescribingJson object at 0x1094979d0>]}


============================== 12:22:55.716789 | ac4a7c80-9a9e-457d-81fa-178358bae8cd ==============================
[0m12:22:55.716789 [info ] [MainThread]: Running with dbt=1.10.15
[0m12:22:55.717101 [debug] [MainThread]: running dbt with arguments {'cache_selected_only': 'False', 'partial_parse': 'True', 'write_json': 'True', 'warn_error': 'None', 'version_check': 'True', 'no_print': 'None', 'target_path': 'None', 'empty': 'None', 'use_colors': 'True', 'printer_width': '80', 'static_parser': 'True', 'fail_fast': 'False', 'indirect_selection': 'eager', 'log_format': 'default', 'quiet': 'False', 'warn_error_options': 'WarnErrorOptionsV2(error=[], warn=[], silence=[])', 'profiles_dir': '/Users/nicolasvelazquez/documents/udesa/ingenieriadatos/examen_ing_de_sw_n_data_final/profiles', 'debug': 'False', 'introspect': 'True', 'log_path': '/Users/nicolasvelazquez/documents/udesa/ingenieriadatos/examen_ing_de_sw_n_data_final/dbt/logs', 'use_experimental_parser': 'False', 'log_cache_events': 'False', 'invocation_command': 'dbt test --project-dir /Users/nicolasvelazquez/documents/udesa/ingenieriadatos/examen_ing_de_sw_n_data_final/dbt', 'send_anonymous_usage_stats': 'True'}
[0m12:22:55.820542 [debug] [MainThread]: Sending event: {'category': 'dbt', 'action': 'project_id', 'label': 'ac4a7c80-9a9e-457d-81fa-178358bae8cd', 'context': [<snowplow_tracker.self_describing_json.SelfDescribingJson object at 0x108796060>]}
[0m12:22:55.848751 [debug] [MainThread]: Sending event: {'category': 'dbt', 'action': 'adapter_info', 'label': 'ac4a7c80-9a9e-457d-81fa-178358bae8cd', 'context': [<snowplow_tracker.self_describing_json.SelfDescribingJson object at 0x1093cb020>]}
[0m12:22:55.849774 [info ] [MainThread]: Registered adapter: duckdb=1.10.0
[0m12:22:55.902972 [debug] [MainThread]: checksum: 14a228079bd6df63ba81633f9a3cf44ecfaa31056ac397c602753ec895dbf885, vars: {}, profile: , target: , version: 1.10.15
[0m12:22:55.955499 [debug] [MainThread]: Partial parsing enabled: 0 files deleted, 0 files added, 0 files changed.
[0m12:22:55.955724 [debug] [MainThread]: Partial parsing enabled, no changes found, skipping parsing
[0m12:22:55.973933 [debug] [MainThread]: Sending event: {'category': 'dbt', 'action': 'load_project', 'label': 'ac4a7c80-9a9e-457d-81fa-178358bae8cd', 'context': [<snowplow_tracker.self_describing_json.SelfDescribingJson object at 0x109995f50>]}
[0m12:22:56.007794 [debug] [MainThread]: Wrote artifact WritableManifest to /Users/nicolasvelazquez/documents/udesa/ingenieriadatos/examen_ing_de_sw_n_data_final/dbt/target/manifest.json
[0m12:22:56.008824 [debug] [MainThread]: Wrote artifact SemanticManifest to /Users/nicolasvelazquez/documents/udesa/ingenieriadatos/examen_ing_de_sw_n_data_final/dbt/target/semantic_manifest.json
[0m12:22:56.084271 [debug] [MainThread]: Sending event: {'category': 'dbt', 'action': 'resource_counts', 'label': 'ac4a7c80-9a9e-457d-81fa-178358bae8cd', 'context': [<snowplow_tracker.self_describing_json.SelfDescribingJson object at 0x10a355f40>]}
[0m12:22:56.084552 [info ] [MainThread]: Found 2 models, 16 data tests, 469 macros
[0m12:22:56.084726 [debug] [MainThread]: Sending event: {'category': 'dbt', 'action': 'runnable_timing', 'label': 'ac4a7c80-9a9e-457d-81fa-178358bae8cd', 'context': [<snowplow_tracker.self_describing_json.SelfDescribingJson object at 0x109fa2a50>]}
[0m12:22:56.085900 [info ] [MainThread]: 
[0m12:22:56.086071 [info ] [MainThread]: Concurrency: 4 threads (target='dev')
[0m12:22:56.086202 [info ] [MainThread]: 
[0m12:22:56.086440 [debug] [MainThread]: Acquiring new duckdb connection 'master'
[0m12:22:56.088699 [debug] [ThreadPool]: Acquiring new duckdb connection 'list_medallion_main'
[0m12:22:56.112985 [debug] [ThreadPool]: Using duckdb connection "list_medallion_main"
[0m12:22:56.113205 [debug] [ThreadPool]: On list_medallion_main: BEGIN
[0m12:22:56.113345 [debug] [ThreadPool]: Opening a new connection, currently in state init
[0m12:22:56.119351 [debug] [ThreadPool]: SQL status: OK in 0.006 seconds
[0m12:22:56.119547 [debug] [ThreadPool]: Using duckdb connection "list_medallion_main"
[0m12:22:56.119692 [debug] [ThreadPool]: On list_medallion_main: /* {"app": "dbt", "dbt_version": "1.10.15", "profile_name": "medallion_duckdb", "target_name": "dev", "connection_name": "list_medallion_main"} */
select
      'medallion' as database,
      table_name as name,
      table_schema as schema,
      CASE table_type
        WHEN 'BASE TABLE' THEN 'table'
        WHEN 'VIEW' THEN 'view'
        WHEN 'LOCAL TEMPORARY' THEN 'table'
        END as type
    from system.information_schema.tables
    where lower(table_schema) = 'main'
    and lower(table_catalog) = 'medallion'
  
[0m12:22:56.125029 [debug] [ThreadPool]: SQL status: OK in 0.005 seconds
[0m12:22:56.125759 [debug] [ThreadPool]: On list_medallion_main: ROLLBACK
[0m12:22:56.126307 [debug] [ThreadPool]: Failed to rollback 'list_medallion_main'
[0m12:22:56.126447 [debug] [ThreadPool]: On list_medallion_main: Close
[0m12:22:56.126933 [debug] [MainThread]: Sending event: {'category': 'dbt', 'action': 'runnable_timing', 'label': 'ac4a7c80-9a9e-457d-81fa-178358bae8cd', 'context': [<snowplow_tracker.self_describing_json.SelfDescribingJson object at 0x109c51cc0>]}
[0m12:22:56.127147 [debug] [MainThread]: Using duckdb connection "master"
[0m12:22:56.127289 [debug] [MainThread]: On master: BEGIN
[0m12:22:56.127402 [debug] [MainThread]: Opening a new connection, currently in state init
[0m12:22:56.127623 [debug] [MainThread]: SQL status: OK in 0.000 seconds
[0m12:22:56.127743 [debug] [MainThread]: On master: COMMIT
[0m12:22:56.127858 [debug] [MainThread]: Using duckdb connection "master"
[0m12:22:56.127967 [debug] [MainThread]: On master: COMMIT
[0m12:22:56.128145 [debug] [MainThread]: SQL status: OK in 0.000 seconds
[0m12:22:56.128267 [debug] [MainThread]: On master: Close
[0m12:22:56.129393 [debug] [Thread-1 (]: Began running node test.medallion_dbt.accepted_values_stg_transactions_status__completed__pending__failed.e52c83ab26
[0m12:22:56.129626 [info ] [Thread-1 (]: 1 of 16 START test accepted_values_stg_transactions_status__completed__pending__failed  [RUN]
[0m12:22:56.129843 [debug] [Thread-4 (]: Began running node test.medallion_dbt.non_negative_fct_customer_transactions_transaction_count.df8b0df1a4
[0m12:22:56.130034 [debug] [Thread-2 (]: Began running node test.medallion_dbt.non_negative_fct_customer_transactions_total_amount_all.1032e62a89
[0m12:22:56.130235 [debug] [Thread-1 (]: Re-using an available connection from the pool (formerly list_medallion_main, now test.medallion_dbt.accepted_values_stg_transactions_status__completed__pending__failed.e52c83ab26)
[0m12:22:56.130431 [info ] [Thread-4 (]: 4 of 16 START test non_negative_fct_customer_transactions_transaction_count .... [RUN]
[0m12:22:56.130620 [debug] [Thread-3 (]: Began running node test.medallion_dbt.non_negative_fct_customer_transactions_total_amount_completed.b85991a428
[0m12:22:56.130784 [info ] [Thread-2 (]: 2 of 16 START test non_negative_fct_customer_transactions_total_amount_all ..... [RUN]
[0m12:22:56.130976 [debug] [Thread-1 (]: Began compiling node test.medallion_dbt.accepted_values_stg_transactions_status__completed__pending__failed.e52c83ab26
[0m12:22:56.131202 [debug] [Thread-4 (]: Acquiring new duckdb connection 'test.medallion_dbt.non_negative_fct_customer_transactions_transaction_count.df8b0df1a4'
[0m12:22:56.131370 [info ] [Thread-3 (]: 3 of 16 START test non_negative_fct_customer_transactions_total_amount_completed  [RUN]
[0m12:22:56.131577 [debug] [Thread-2 (]: Acquiring new duckdb connection 'test.medallion_dbt.non_negative_fct_customer_transactions_total_amount_all.1032e62a89'
[0m12:22:56.173946 [debug] [Thread-1 (]: Writing injected SQL for node "test.medallion_dbt.accepted_values_stg_transactions_status__completed__pending__failed.e52c83ab26"
[0m12:22:56.174198 [debug] [Thread-4 (]: Began compiling node test.medallion_dbt.non_negative_fct_customer_transactions_transaction_count.df8b0df1a4
[0m12:22:56.174463 [debug] [Thread-3 (]: Acquiring new duckdb connection 'test.medallion_dbt.non_negative_fct_customer_transactions_total_amount_completed.b85991a428'
[0m12:22:56.174635 [debug] [Thread-2 (]: Began compiling node test.medallion_dbt.non_negative_fct_customer_transactions_total_amount_all.1032e62a89
[0m12:22:56.176841 [debug] [Thread-4 (]: Writing injected SQL for node "test.medallion_dbt.non_negative_fct_customer_transactions_transaction_count.df8b0df1a4"
[0m12:22:56.177078 [debug] [Thread-3 (]: Began compiling node test.medallion_dbt.non_negative_fct_customer_transactions_total_amount_completed.b85991a428
[0m12:22:56.178663 [debug] [Thread-2 (]: Writing injected SQL for node "test.medallion_dbt.non_negative_fct_customer_transactions_total_amount_all.1032e62a89"
[0m12:22:56.180545 [debug] [Thread-3 (]: Writing injected SQL for node "test.medallion_dbt.non_negative_fct_customer_transactions_total_amount_completed.b85991a428"
[0m12:22:56.180953 [debug] [Thread-1 (]: Began executing node test.medallion_dbt.accepted_values_stg_transactions_status__completed__pending__failed.e52c83ab26
[0m12:22:56.187148 [debug] [Thread-4 (]: Began executing node test.medallion_dbt.non_negative_fct_customer_transactions_transaction_count.df8b0df1a4
[0m12:22:56.191046 [debug] [Thread-4 (]: Writing runtime sql for node "test.medallion_dbt.non_negative_fct_customer_transactions_transaction_count.df8b0df1a4"
[0m12:22:56.191623 [debug] [Thread-1 (]: Writing runtime sql for node "test.medallion_dbt.accepted_values_stg_transactions_status__completed__pending__failed.e52c83ab26"
[0m12:22:56.191831 [debug] [Thread-2 (]: Began executing node test.medallion_dbt.non_negative_fct_customer_transactions_total_amount_all.1032e62a89
[0m12:22:56.192708 [debug] [Thread-2 (]: Writing runtime sql for node "test.medallion_dbt.non_negative_fct_customer_transactions_total_amount_all.1032e62a89"
[0m12:22:56.193081 [debug] [Thread-3 (]: Began executing node test.medallion_dbt.non_negative_fct_customer_transactions_total_amount_completed.b85991a428
[0m12:22:56.194114 [debug] [Thread-3 (]: Writing runtime sql for node "test.medallion_dbt.non_negative_fct_customer_transactions_total_amount_completed.b85991a428"
[0m12:22:56.194404 [debug] [Thread-4 (]: Using duckdb connection "test.medallion_dbt.non_negative_fct_customer_transactions_transaction_count.df8b0df1a4"
[0m12:22:56.194581 [debug] [Thread-4 (]: On test.medallion_dbt.non_negative_fct_customer_transactions_transaction_count.df8b0df1a4: BEGIN
[0m12:22:56.194735 [debug] [Thread-4 (]: Opening a new connection, currently in state init
[0m12:22:56.195073 [debug] [Thread-1 (]: Using duckdb connection "test.medallion_dbt.accepted_values_stg_transactions_status__completed__pending__failed.e52c83ab26"
[0m12:22:56.195249 [debug] [Thread-1 (]: On test.medallion_dbt.accepted_values_stg_transactions_status__completed__pending__failed.e52c83ab26: BEGIN
[0m12:22:56.195410 [debug] [Thread-1 (]: Opening a new connection, currently in state closed
[0m12:22:56.195585 [debug] [Thread-2 (]: Using duckdb connection "test.medallion_dbt.non_negative_fct_customer_transactions_total_amount_all.1032e62a89"
[0m12:22:56.195749 [debug] [Thread-4 (]: SQL status: OK in 0.001 seconds
[0m12:22:56.195978 [debug] [Thread-2 (]: On test.medallion_dbt.non_negative_fct_customer_transactions_total_amount_all.1032e62a89: BEGIN
[0m12:22:56.196174 [debug] [Thread-3 (]: Using duckdb connection "test.medallion_dbt.non_negative_fct_customer_transactions_total_amount_completed.b85991a428"
[0m12:22:56.196351 [debug] [Thread-4 (]: Using duckdb connection "test.medallion_dbt.non_negative_fct_customer_transactions_transaction_count.df8b0df1a4"
[0m12:22:56.196506 [debug] [Thread-1 (]: SQL status: OK in 0.001 seconds
[0m12:22:56.196657 [debug] [Thread-2 (]: Opening a new connection, currently in state init
[0m12:22:56.196810 [debug] [Thread-3 (]: On test.medallion_dbt.non_negative_fct_customer_transactions_total_amount_completed.b85991a428: BEGIN
[0m12:22:56.196982 [debug] [Thread-4 (]: On test.medallion_dbt.non_negative_fct_customer_transactions_transaction_count.df8b0df1a4: /* {"app": "dbt", "dbt_version": "1.10.15", "profile_name": "medallion_duckdb", "target_name": "dev", "node_id": "test.medallion_dbt.non_negative_fct_customer_transactions_transaction_count.df8b0df1a4"} */

    select
      count(*) as failures,
      count(*) != 0 as should_warn,
      count(*) != 0 as should_error
    from (
      
    
  

-- TODO: Implementar el test para verificar que los valores en la columna son no negativos y no nulos.

select
    transaction_count
from "medallion"."main"."fct_customer_transactions"
where transaction_count < 0 or transaction_count is null


  
  
      
    ) dbt_internal_test
[0m12:22:56.197161 [debug] [Thread-1 (]: Using duckdb connection "test.medallion_dbt.accepted_values_stg_transactions_status__completed__pending__failed.e52c83ab26"
[0m12:22:56.197354 [debug] [Thread-3 (]: Opening a new connection, currently in state init
[0m12:22:56.197625 [debug] [Thread-1 (]: On test.medallion_dbt.accepted_values_stg_transactions_status__completed__pending__failed.e52c83ab26: /* {"app": "dbt", "dbt_version": "1.10.15", "profile_name": "medallion_duckdb", "target_name": "dev", "node_id": "test.medallion_dbt.accepted_values_stg_transactions_status__completed__pending__failed.e52c83ab26"} */

    select
      count(*) as failures,
      count(*) != 0 as should_warn,
      count(*) != 0 as should_error
    from (
      
    
  
    
    

with all_values as (

    select
        status as value_field,
        count(*) as n_records

    from "medallion"."main"."stg_transactions"
    group by status

)

select *
from all_values
where value_field not in (
    'completed','pending','failed'
)



  
  
      
    ) dbt_internal_test
[0m12:22:56.197806 [debug] [Thread-2 (]: SQL status: OK in 0.001 seconds
[0m12:22:56.198097 [debug] [Thread-2 (]: Using duckdb connection "test.medallion_dbt.non_negative_fct_customer_transactions_total_amount_all.1032e62a89"
[0m12:22:56.198261 [debug] [Thread-3 (]: SQL status: OK in 0.001 seconds
[0m12:22:56.198432 [debug] [Thread-2 (]: On test.medallion_dbt.non_negative_fct_customer_transactions_total_amount_all.1032e62a89: /* {"app": "dbt", "dbt_version": "1.10.15", "profile_name": "medallion_duckdb", "target_name": "dev", "node_id": "test.medallion_dbt.non_negative_fct_customer_transactions_total_amount_all.1032e62a89"} */

    select
      count(*) as failures,
      count(*) != 0 as should_warn,
      count(*) != 0 as should_error
    from (
      
    
  

-- TODO: Implementar el test para verificar que los valores en la columna son no negativos y no nulos.

select
    total_amount_all
from "medallion"."main"."fct_customer_transactions"
where total_amount_all < 0 or total_amount_all is null


  
  
      
    ) dbt_internal_test
[0m12:22:56.198618 [debug] [Thread-3 (]: Using duckdb connection "test.medallion_dbt.non_negative_fct_customer_transactions_total_amount_completed.b85991a428"
[0m12:22:56.198891 [debug] [Thread-3 (]: On test.medallion_dbt.non_negative_fct_customer_transactions_total_amount_completed.b85991a428: /* {"app": "dbt", "dbt_version": "1.10.15", "profile_name": "medallion_duckdb", "target_name": "dev", "node_id": "test.medallion_dbt.non_negative_fct_customer_transactions_total_amount_completed.b85991a428"} */

    select
      count(*) as failures,
      count(*) != 0 as should_warn,
      count(*) != 0 as should_error
    from (
      
    
  

-- TODO: Implementar el test para verificar que los valores en la columna son no negativos y no nulos.

select
    total_amount_completed
from "medallion"."main"."fct_customer_transactions"
where total_amount_completed < 0 or total_amount_completed is null


  
  
      
    ) dbt_internal_test
[0m12:22:56.199440 [debug] [Thread-1 (]: SQL status: OK in 0.001 seconds
[0m12:22:56.201734 [debug] [Thread-1 (]: On test.medallion_dbt.accepted_values_stg_transactions_status__completed__pending__failed.e52c83ab26: ROLLBACK
[0m12:22:56.202138 [debug] [Thread-2 (]: DuckDB adapter: Error running SQL: /* {"app": "dbt", "dbt_version": "1.10.15", "profile_name": "medallion_duckdb", "target_name": "dev", "node_id": "test.medallion_dbt.non_negative_fct_customer_transactions_total_amount_all.1032e62a89"} */

    select
      count(*) as failures,
      count(*) != 0 as should_warn,
      count(*) != 0 as should_error
    from (
      
    
  

-- TODO: Implementar el test para verificar que los valores en la columna son no negativos y no nulos.

select
    total_amount_all
from "medallion"."main"."fct_customer_transactions"
where total_amount_all < 0 or total_amount_all is null


  
  
      
    ) dbt_internal_test
[0m12:22:56.202341 [debug] [Thread-2 (]: DuckDB adapter: Rolling back transaction.
[0m12:22:56.202593 [debug] [Thread-3 (]: DuckDB adapter: Error running SQL: /* {"app": "dbt", "dbt_version": "1.10.15", "profile_name": "medallion_duckdb", "target_name": "dev", "node_id": "test.medallion_dbt.non_negative_fct_customer_transactions_total_amount_completed.b85991a428"} */

    select
      count(*) as failures,
      count(*) != 0 as should_warn,
      count(*) != 0 as should_error
    from (
      
    
  

-- TODO: Implementar el test para verificar que los valores en la columna son no negativos y no nulos.

select
    total_amount_completed
from "medallion"."main"."fct_customer_transactions"
where total_amount_completed < 0 or total_amount_completed is null


  
  
      
    ) dbt_internal_test
[0m12:22:56.202834 [debug] [Thread-4 (]: DuckDB adapter: Error running SQL: /* {"app": "dbt", "dbt_version": "1.10.15", "profile_name": "medallion_duckdb", "target_name": "dev", "node_id": "test.medallion_dbt.non_negative_fct_customer_transactions_transaction_count.df8b0df1a4"} */

    select
      count(*) as failures,
      count(*) != 0 as should_warn,
      count(*) != 0 as should_error
    from (
      
    
  

-- TODO: Implementar el test para verificar que los valores en la columna son no negativos y no nulos.

select
    transaction_count
from "medallion"."main"."fct_customer_transactions"
where transaction_count < 0 or transaction_count is null


  
  
      
    ) dbt_internal_test
[0m12:22:56.203116 [debug] [Thread-1 (]: Failed to rollback 'test.medallion_dbt.accepted_values_stg_transactions_status__completed__pending__failed.e52c83ab26'
[0m12:22:56.203330 [debug] [Thread-2 (]: On test.medallion_dbt.non_negative_fct_customer_transactions_total_amount_all.1032e62a89: ROLLBACK
[0m12:22:56.203499 [debug] [Thread-3 (]: DuckDB adapter: Rolling back transaction.
[0m12:22:56.203659 [debug] [Thread-4 (]: DuckDB adapter: Rolling back transaction.
[0m12:22:56.203813 [debug] [Thread-1 (]: On test.medallion_dbt.accepted_values_stg_transactions_status__completed__pending__failed.e52c83ab26: Close
[0m12:22:56.204532 [debug] [Thread-3 (]: On test.medallion_dbt.non_negative_fct_customer_transactions_total_amount_completed.b85991a428: ROLLBACK
[0m12:22:56.204744 [debug] [Thread-4 (]: On test.medallion_dbt.non_negative_fct_customer_transactions_transaction_count.df8b0df1a4: ROLLBACK
[0m12:22:56.205071 [info ] [Thread-1 (]: 1 of 16 PASS accepted_values_stg_transactions_status__completed__pending__failed  [[32mPASS[0m in 0.07s]
[0m12:22:56.206459 [debug] [Thread-1 (]: Finished running node test.medallion_dbt.accepted_values_stg_transactions_status__completed__pending__failed.e52c83ab26
[0m12:22:56.206655 [debug] [Thread-1 (]: Began running node test.medallion_dbt.non_negative_stg_transactions_amount.cc30daf733
[0m12:22:56.206935 [info ] [Thread-1 (]: 5 of 16 START test non_negative_stg_transactions_amount ........................ [RUN]
[0m12:22:56.207203 [debug] [Thread-1 (]: Re-using an available connection from the pool (formerly test.medallion_dbt.accepted_values_stg_transactions_status__completed__pending__failed.e52c83ab26, now test.medallion_dbt.non_negative_stg_transactions_amount.cc30daf733)
[0m12:22:56.207398 [debug] [Thread-1 (]: Began compiling node test.medallion_dbt.non_negative_stg_transactions_amount.cc30daf733
[0m12:22:56.209113 [debug] [Thread-1 (]: Writing injected SQL for node "test.medallion_dbt.non_negative_stg_transactions_amount.cc30daf733"
[0m12:22:56.209650 [debug] [Thread-1 (]: Began executing node test.medallion_dbt.non_negative_stg_transactions_amount.cc30daf733
[0m12:22:56.210786 [debug] [Thread-1 (]: Writing runtime sql for node "test.medallion_dbt.non_negative_stg_transactions_amount.cc30daf733"
[0m12:22:56.211177 [debug] [Thread-1 (]: Using duckdb connection "test.medallion_dbt.non_negative_stg_transactions_amount.cc30daf733"
[0m12:22:56.211378 [debug] [Thread-1 (]: On test.medallion_dbt.non_negative_stg_transactions_amount.cc30daf733: BEGIN
[0m12:22:56.211568 [debug] [Thread-1 (]: Opening a new connection, currently in state closed
[0m12:22:56.212071 [debug] [Thread-1 (]: SQL status: OK in 0.000 seconds
[0m12:22:56.212237 [debug] [Thread-1 (]: Using duckdb connection "test.medallion_dbt.non_negative_stg_transactions_amount.cc30daf733"
[0m12:22:56.212414 [debug] [Thread-1 (]: On test.medallion_dbt.non_negative_stg_transactions_amount.cc30daf733: /* {"app": "dbt", "dbt_version": "1.10.15", "profile_name": "medallion_duckdb", "target_name": "dev", "node_id": "test.medallion_dbt.non_negative_stg_transactions_amount.cc30daf733"} */

    select
      count(*) as failures,
      count(*) != 0 as should_warn,
      count(*) != 0 as should_error
    from (
      
    
  

-- TODO: Implementar el test para verificar que los valores en la columna son no negativos y no nulos.

select
    amount
from "medallion"."main"."stg_transactions"
where amount < 0 or amount is null


  
  
      
    ) dbt_internal_test
[0m12:22:56.213155 [debug] [Thread-1 (]: SQL status: OK in 0.001 seconds
[0m12:22:56.213908 [debug] [Thread-1 (]: On test.medallion_dbt.non_negative_stg_transactions_amount.cc30daf733: ROLLBACK
[0m12:22:56.214240 [debug] [Thread-1 (]: Failed to rollback 'test.medallion_dbt.non_negative_stg_transactions_amount.cc30daf733'
[0m12:22:56.214404 [debug] [Thread-1 (]: On test.medallion_dbt.non_negative_stg_transactions_amount.cc30daf733: Close
[0m12:22:56.214740 [info ] [Thread-1 (]: 5 of 16 PASS non_negative_stg_transactions_amount .............................. [[32mPASS[0m in 0.01s]
[0m12:22:56.215154 [debug] [Thread-1 (]: Finished running node test.medallion_dbt.non_negative_stg_transactions_amount.cc30daf733
[0m12:22:56.215392 [debug] [Thread-1 (]: Began running node test.medallion_dbt.not_null_fct_customer_transactions_customer_id.8253bbdb2c
[0m12:22:56.215756 [info ] [Thread-1 (]: 6 of 16 START test not_null_fct_customer_transactions_customer_id .............. [RUN]
[0m12:22:56.216028 [debug] [Thread-1 (]: Re-using an available connection from the pool (formerly test.medallion_dbt.non_negative_stg_transactions_amount.cc30daf733, now test.medallion_dbt.not_null_fct_customer_transactions_customer_id.8253bbdb2c)
[0m12:22:56.216291 [debug] [Thread-1 (]: Began compiling node test.medallion_dbt.not_null_fct_customer_transactions_customer_id.8253bbdb2c
[0m12:22:56.219210 [debug] [Thread-1 (]: Writing injected SQL for node "test.medallion_dbt.not_null_fct_customer_transactions_customer_id.8253bbdb2c"
[0m12:22:56.219585 [debug] [Thread-1 (]: Began executing node test.medallion_dbt.not_null_fct_customer_transactions_customer_id.8253bbdb2c
[0m12:22:56.220530 [debug] [Thread-1 (]: Writing runtime sql for node "test.medallion_dbt.not_null_fct_customer_transactions_customer_id.8253bbdb2c"
[0m12:22:56.220995 [debug] [Thread-1 (]: Using duckdb connection "test.medallion_dbt.not_null_fct_customer_transactions_customer_id.8253bbdb2c"
[0m12:22:56.221165 [debug] [Thread-1 (]: On test.medallion_dbt.not_null_fct_customer_transactions_customer_id.8253bbdb2c: BEGIN
[0m12:22:56.221443 [debug] [Thread-1 (]: Opening a new connection, currently in state closed
[0m12:22:56.222040 [debug] [Thread-1 (]: SQL status: OK in 0.001 seconds
[0m12:22:56.222239 [debug] [Thread-1 (]: Using duckdb connection "test.medallion_dbt.not_null_fct_customer_transactions_customer_id.8253bbdb2c"
[0m12:22:56.222428 [debug] [Thread-1 (]: On test.medallion_dbt.not_null_fct_customer_transactions_customer_id.8253bbdb2c: /* {"app": "dbt", "dbt_version": "1.10.15", "profile_name": "medallion_duckdb", "target_name": "dev", "node_id": "test.medallion_dbt.not_null_fct_customer_transactions_customer_id.8253bbdb2c"} */

    select
      count(*) as failures,
      count(*) != 0 as should_warn,
      count(*) != 0 as should_error
    from (
      
    
  
    
    



select customer_id
from "medallion"."main"."fct_customer_transactions"
where customer_id is null



  
  
      
    ) dbt_internal_test
[0m12:22:56.225199 [debug] [Thread-4 (]: Failed to rollback 'test.medallion_dbt.non_negative_fct_customer_transactions_transaction_count.df8b0df1a4'
[0m12:22:56.225373 [debug] [Thread-4 (]: On test.medallion_dbt.non_negative_fct_customer_transactions_transaction_count.df8b0df1a4: Close
[0m12:22:56.225545 [debug] [Thread-1 (]: SQL status: OK in 0.003 seconds
[0m12:22:56.226993 [debug] [Thread-3 (]: Failed to rollback 'test.medallion_dbt.non_negative_fct_customer_transactions_total_amount_completed.b85991a428'
[0m12:22:56.228041 [debug] [Thread-2 (]: Failed to rollback 'test.medallion_dbt.non_negative_fct_customer_transactions_total_amount_all.1032e62a89'
[0m12:22:56.228330 [debug] [Thread-3 (]: On test.medallion_dbt.non_negative_fct_customer_transactions_total_amount_completed.b85991a428: Close
[0m12:22:56.229685 [debug] [Thread-4 (]: Runtime Error in test non_negative_fct_customer_transactions_transaction_count (models/marts/schema.yml)
  Binder Error: Referenced column "transaction_count" not found in FROM clause!
  Candidate bindings: "total_transactions", "total_amount", "last_transaction_date", "customer_id"
  
  LINE 17: where transaction_count < 0 or transaction_count is null
                 ^
[0m12:22:56.230403 [debug] [Thread-1 (]: On test.medallion_dbt.not_null_fct_customer_transactions_customer_id.8253bbdb2c: ROLLBACK
[0m12:22:56.230562 [debug] [Thread-2 (]: On test.medallion_dbt.non_negative_fct_customer_transactions_total_amount_all.1032e62a89: Close
[0m12:22:56.231394 [error] [Thread-4 (]: 4 of 16 ERROR non_negative_fct_customer_transactions_transaction_count ......... [[31mERROR[0m in 0.10s]
[0m12:22:56.232802 [debug] [Thread-3 (]: Runtime Error in test non_negative_fct_customer_transactions_total_amount_completed (models/marts/schema.yml)
  Binder Error: Referenced column "total_amount_completed" not found in FROM clause!
  Candidate bindings: "total_amount", "total_transactions", "last_transaction_date"
  
  LINE 17: where total_amount_completed < 0 or total_amount_completed is...
                 ^
[0m12:22:56.233650 [debug] [Thread-1 (]: Failed to rollback 'test.medallion_dbt.not_null_fct_customer_transactions_customer_id.8253bbdb2c'
[0m12:22:56.233906 [debug] [Thread-4 (]: Finished running node test.medallion_dbt.non_negative_fct_customer_transactions_transaction_count.df8b0df1a4
[0m12:22:56.235218 [debug] [Thread-2 (]: Runtime Error in test non_negative_fct_customer_transactions_total_amount_all (models/marts/schema.yml)
  Binder Error: Referenced column "total_amount_all" not found in FROM clause!
  Candidate bindings: "total_amount", "total_transactions", "last_transaction_date"
  
  LINE 17: where total_amount_all < 0 or total_amount_all is null
                 ^
[0m12:22:56.235441 [error] [Thread-3 (]: 3 of 16 ERROR non_negative_fct_customer_transactions_total_amount_completed .... [[31mERROR[0m in 0.06s]
[0m12:22:56.235618 [debug] [Thread-1 (]: On test.medallion_dbt.not_null_fct_customer_transactions_customer_id.8253bbdb2c: Close
[0m12:22:56.235794 [debug] [Thread-4 (]: Began running node test.medallion_dbt.not_null_fct_customer_transactions_total_amount_all.0a661a703f
[0m12:22:56.235986 [error] [Thread-2 (]: 2 of 16 ERROR non_negative_fct_customer_transactions_total_amount_all .......... [[31mERROR[0m in 0.10s]
[0m12:22:56.236214 [debug] [Thread-7 (]: Marking all children of 'test.medallion_dbt.non_negative_fct_customer_transactions_transaction_count.df8b0df1a4' to be skipped because of status 'error'.  Reason: Runtime Error in test non_negative_fct_customer_transactions_transaction_count (models/marts/schema.yml)
  Binder Error: Referenced column "transaction_count" not found in FROM clause!
  Candidate bindings: "total_transactions", "total_amount", "last_transaction_date", "customer_id"
  
  LINE 17: where transaction_count < 0 or transaction_count is null
                 ^.
[0m12:22:56.236461 [debug] [Thread-3 (]: Finished running node test.medallion_dbt.non_negative_fct_customer_transactions_total_amount_completed.b85991a428
[0m12:22:56.236707 [info ] [Thread-1 (]: 6 of 16 PASS not_null_fct_customer_transactions_customer_id .................... [[32mPASS[0m in 0.02s]
[0m12:22:56.236891 [info ] [Thread-4 (]: 7 of 16 START test not_null_fct_customer_transactions_total_amount_all ......... [RUN]
[0m12:22:56.237128 [debug] [Thread-2 (]: Finished running node test.medallion_dbt.non_negative_fct_customer_transactions_total_amount_all.1032e62a89
[0m12:22:56.237607 [debug] [Thread-3 (]: Began running node test.medallion_dbt.not_null_fct_customer_transactions_total_amount_completed.989f790418
[0m12:22:56.237827 [debug] [Thread-1 (]: Finished running node test.medallion_dbt.not_null_fct_customer_transactions_customer_id.8253bbdb2c
[0m12:22:56.238005 [debug] [Thread-7 (]: Marking all children of 'test.medallion_dbt.non_negative_fct_customer_transactions_total_amount_completed.b85991a428' to be skipped because of status 'error'.  Reason: Runtime Error in test non_negative_fct_customer_transactions_total_amount_completed (models/marts/schema.yml)
  Binder Error: Referenced column "total_amount_completed" not found in FROM clause!
  Candidate bindings: "total_amount", "total_transactions", "last_transaction_date"
  
  LINE 17: where total_amount_completed < 0 or total_amount_completed is...
                 ^.
[0m12:22:56.238184 [debug] [Thread-4 (]: Re-using an available connection from the pool (formerly test.medallion_dbt.non_negative_fct_customer_transactions_transaction_count.df8b0df1a4, now test.medallion_dbt.not_null_fct_customer_transactions_total_amount_all.0a661a703f)
[0m12:22:56.238355 [debug] [Thread-2 (]: Began running node test.medallion_dbt.not_null_fct_customer_transactions_transaction_count.7466a4c02e
[0m12:22:56.238517 [info ] [Thread-3 (]: 8 of 16 START test not_null_fct_customer_transactions_total_amount_completed ... [RUN]
[0m12:22:56.238684 [debug] [Thread-1 (]: Began running node test.medallion_dbt.not_null_stg_transactions_amount.3629b5421e
[0m12:22:56.238889 [debug] [Thread-7 (]: Marking all children of 'test.medallion_dbt.non_negative_fct_customer_transactions_total_amount_all.1032e62a89' to be skipped because of status 'error'.  Reason: Runtime Error in test non_negative_fct_customer_transactions_total_amount_all (models/marts/schema.yml)
  Binder Error: Referenced column "total_amount_all" not found in FROM clause!
  Candidate bindings: "total_amount", "total_transactions", "last_transaction_date"
  
  LINE 17: where total_amount_all < 0 or total_amount_all is null
                 ^.
[0m12:22:56.239052 [debug] [Thread-4 (]: Began compiling node test.medallion_dbt.not_null_fct_customer_transactions_total_amount_all.0a661a703f
[0m12:22:56.239207 [info ] [Thread-2 (]: 9 of 16 START test not_null_fct_customer_transactions_transaction_count ........ [RUN]
[0m12:22:56.239389 [debug] [Thread-3 (]: Re-using an available connection from the pool (formerly test.medallion_dbt.non_negative_fct_customer_transactions_total_amount_completed.b85991a428, now test.medallion_dbt.not_null_fct_customer_transactions_total_amount_completed.989f790418)
[0m12:22:56.239558 [info ] [Thread-1 (]: 10 of 16 START test not_null_stg_transactions_amount ........................... [RUN]
[0m12:22:56.241583 [debug] [Thread-4 (]: Writing injected SQL for node "test.medallion_dbt.not_null_fct_customer_transactions_total_amount_all.0a661a703f"
[0m12:22:56.241781 [debug] [Thread-2 (]: Re-using an available connection from the pool (formerly test.medallion_dbt.non_negative_fct_customer_transactions_total_amount_all.1032e62a89, now test.medallion_dbt.not_null_fct_customer_transactions_transaction_count.7466a4c02e)
[0m12:22:56.241955 [debug] [Thread-3 (]: Began compiling node test.medallion_dbt.not_null_fct_customer_transactions_total_amount_completed.989f790418
[0m12:22:56.242117 [debug] [Thread-1 (]: Re-using an available connection from the pool (formerly test.medallion_dbt.not_null_fct_customer_transactions_customer_id.8253bbdb2c, now test.medallion_dbt.not_null_stg_transactions_amount.3629b5421e)
[0m12:22:56.242308 [debug] [Thread-2 (]: Began compiling node test.medallion_dbt.not_null_fct_customer_transactions_transaction_count.7466a4c02e
[0m12:22:56.243881 [debug] [Thread-3 (]: Writing injected SQL for node "test.medallion_dbt.not_null_fct_customer_transactions_total_amount_completed.989f790418"
[0m12:22:56.244089 [debug] [Thread-1 (]: Began compiling node test.medallion_dbt.not_null_stg_transactions_amount.3629b5421e
[0m12:22:56.245852 [debug] [Thread-2 (]: Writing injected SQL for node "test.medallion_dbt.not_null_fct_customer_transactions_transaction_count.7466a4c02e"
[0m12:22:56.247510 [debug] [Thread-1 (]: Writing injected SQL for node "test.medallion_dbt.not_null_stg_transactions_amount.3629b5421e"
[0m12:22:56.247871 [debug] [Thread-4 (]: Began executing node test.medallion_dbt.not_null_fct_customer_transactions_total_amount_all.0a661a703f
[0m12:22:56.248736 [debug] [Thread-4 (]: Writing runtime sql for node "test.medallion_dbt.not_null_fct_customer_transactions_total_amount_all.0a661a703f"
[0m12:22:56.248989 [debug] [Thread-1 (]: Began executing node test.medallion_dbt.not_null_stg_transactions_amount.3629b5421e
[0m12:22:56.249987 [debug] [Thread-1 (]: Writing runtime sql for node "test.medallion_dbt.not_null_stg_transactions_amount.3629b5421e"
[0m12:22:56.250224 [debug] [Thread-2 (]: Began executing node test.medallion_dbt.not_null_fct_customer_transactions_transaction_count.7466a4c02e
[0m12:22:56.251091 [debug] [Thread-2 (]: Writing runtime sql for node "test.medallion_dbt.not_null_fct_customer_transactions_transaction_count.7466a4c02e"
[0m12:22:56.251327 [debug] [Thread-4 (]: Using duckdb connection "test.medallion_dbt.not_null_fct_customer_transactions_total_amount_all.0a661a703f"
[0m12:22:56.251520 [debug] [Thread-4 (]: On test.medallion_dbt.not_null_fct_customer_transactions_total_amount_all.0a661a703f: BEGIN
[0m12:22:56.251676 [debug] [Thread-4 (]: Opening a new connection, currently in state closed
[0m12:22:56.251971 [debug] [Thread-1 (]: Using duckdb connection "test.medallion_dbt.not_null_stg_transactions_amount.3629b5421e"
[0m12:22:56.252144 [debug] [Thread-3 (]: Began executing node test.medallion_dbt.not_null_fct_customer_transactions_total_amount_completed.989f790418
[0m12:22:56.252329 [debug] [Thread-2 (]: Using duckdb connection "test.medallion_dbt.not_null_fct_customer_transactions_transaction_count.7466a4c02e"
[0m12:22:56.252486 [debug] [Thread-1 (]: On test.medallion_dbt.not_null_stg_transactions_amount.3629b5421e: BEGIN
[0m12:22:56.252647 [debug] [Thread-4 (]: SQL status: OK in 0.001 seconds
[0m12:22:56.253623 [debug] [Thread-3 (]: Writing runtime sql for node "test.medallion_dbt.not_null_fct_customer_transactions_total_amount_completed.989f790418"
[0m12:22:56.253793 [debug] [Thread-2 (]: On test.medallion_dbt.not_null_fct_customer_transactions_transaction_count.7466a4c02e: BEGIN
[0m12:22:56.253955 [debug] [Thread-1 (]: Opening a new connection, currently in state closed
[0m12:22:56.254121 [debug] [Thread-4 (]: Using duckdb connection "test.medallion_dbt.not_null_fct_customer_transactions_total_amount_all.0a661a703f"
[0m12:22:56.254293 [debug] [Thread-2 (]: Opening a new connection, currently in state closed
[0m12:22:56.254526 [debug] [Thread-4 (]: On test.medallion_dbt.not_null_fct_customer_transactions_total_amount_all.0a661a703f: /* {"app": "dbt", "dbt_version": "1.10.15", "profile_name": "medallion_duckdb", "target_name": "dev", "node_id": "test.medallion_dbt.not_null_fct_customer_transactions_total_amount_all.0a661a703f"} */

    select
      count(*) as failures,
      count(*) != 0 as should_warn,
      count(*) != 0 as should_error
    from (
      
    
  
    
    



select total_amount_all
from "medallion"."main"."fct_customer_transactions"
where total_amount_all is null



  
  
      
    ) dbt_internal_test
[0m12:22:56.254822 [debug] [Thread-1 (]: SQL status: OK in 0.001 seconds
[0m12:22:56.254985 [debug] [Thread-1 (]: Using duckdb connection "test.medallion_dbt.not_null_stg_transactions_amount.3629b5421e"
[0m12:22:56.255151 [debug] [Thread-1 (]: On test.medallion_dbt.not_null_stg_transactions_amount.3629b5421e: /* {"app": "dbt", "dbt_version": "1.10.15", "profile_name": "medallion_duckdb", "target_name": "dev", "node_id": "test.medallion_dbt.not_null_stg_transactions_amount.3629b5421e"} */

    select
      count(*) as failures,
      count(*) != 0 as should_warn,
      count(*) != 0 as should_error
    from (
      
    
  
    
    



select amount
from "medallion"."main"."stg_transactions"
where amount is null



  
  
      
    ) dbt_internal_test
[0m12:22:56.255406 [debug] [Thread-4 (]: DuckDB adapter: Error running SQL: /* {"app": "dbt", "dbt_version": "1.10.15", "profile_name": "medallion_duckdb", "target_name": "dev", "node_id": "test.medallion_dbt.not_null_fct_customer_transactions_total_amount_all.0a661a703f"} */

    select
      count(*) as failures,
      count(*) != 0 as should_warn,
      count(*) != 0 as should_error
    from (
      
    
  
    
    



select total_amount_all
from "medallion"."main"."fct_customer_transactions"
where total_amount_all is null



  
  
      
    ) dbt_internal_test
[0m12:22:56.255640 [debug] [Thread-4 (]: DuckDB adapter: Rolling back transaction.
[0m12:22:56.255818 [debug] [Thread-3 (]: Using duckdb connection "test.medallion_dbt.not_null_fct_customer_transactions_total_amount_completed.989f790418"
[0m12:22:56.255969 [debug] [Thread-2 (]: SQL status: OK in 0.002 seconds
[0m12:22:56.256166 [debug] [Thread-4 (]: On test.medallion_dbt.not_null_fct_customer_transactions_total_amount_all.0a661a703f: ROLLBACK
[0m12:22:56.256328 [debug] [Thread-3 (]: On test.medallion_dbt.not_null_fct_customer_transactions_total_amount_completed.989f790418: BEGIN
[0m12:22:56.256475 [debug] [Thread-1 (]: SQL status: OK in 0.001 seconds
[0m12:22:56.256626 [debug] [Thread-2 (]: Using duckdb connection "test.medallion_dbt.not_null_fct_customer_transactions_transaction_count.7466a4c02e"
[0m12:22:56.257305 [debug] [Thread-3 (]: Opening a new connection, currently in state closed
[0m12:22:56.257522 [debug] [Thread-2 (]: On test.medallion_dbt.not_null_fct_customer_transactions_transaction_count.7466a4c02e: /* {"app": "dbt", "dbt_version": "1.10.15", "profile_name": "medallion_duckdb", "target_name": "dev", "node_id": "test.medallion_dbt.not_null_fct_customer_transactions_transaction_count.7466a4c02e"} */

    select
      count(*) as failures,
      count(*) != 0 as should_warn,
      count(*) != 0 as should_error
    from (
      
    
  
    
    



select transaction_count
from "medallion"."main"."fct_customer_transactions"
where transaction_count is null



  
  
      
    ) dbt_internal_test
[0m12:22:56.258220 [debug] [Thread-1 (]: On test.medallion_dbt.not_null_stg_transactions_amount.3629b5421e: ROLLBACK
[0m12:22:56.258605 [debug] [Thread-3 (]: SQL status: OK in 0.001 seconds
[0m12:22:56.258849 [debug] [Thread-2 (]: DuckDB adapter: Error running SQL: /* {"app": "dbt", "dbt_version": "1.10.15", "profile_name": "medallion_duckdb", "target_name": "dev", "node_id": "test.medallion_dbt.not_null_fct_customer_transactions_transaction_count.7466a4c02e"} */

    select
      count(*) as failures,
      count(*) != 0 as should_warn,
      count(*) != 0 as should_error
    from (
      
    
  
    
    



select transaction_count
from "medallion"."main"."fct_customer_transactions"
where transaction_count is null



  
  
      
    ) dbt_internal_test
[0m12:22:56.260087 [debug] [Thread-1 (]: Failed to rollback 'test.medallion_dbt.not_null_stg_transactions_amount.3629b5421e'
[0m12:22:56.260560 [debug] [Thread-4 (]: Failed to rollback 'test.medallion_dbt.not_null_fct_customer_transactions_total_amount_all.0a661a703f'
[0m12:22:56.260725 [debug] [Thread-3 (]: Using duckdb connection "test.medallion_dbt.not_null_fct_customer_transactions_total_amount_completed.989f790418"
[0m12:22:56.260897 [debug] [Thread-2 (]: DuckDB adapter: Rolling back transaction.
[0m12:22:56.261056 [debug] [Thread-1 (]: On test.medallion_dbt.not_null_stg_transactions_amount.3629b5421e: Close
[0m12:22:56.261209 [debug] [Thread-4 (]: On test.medallion_dbt.not_null_fct_customer_transactions_total_amount_all.0a661a703f: Close
[0m12:22:56.261381 [debug] [Thread-3 (]: On test.medallion_dbt.not_null_fct_customer_transactions_total_amount_completed.989f790418: /* {"app": "dbt", "dbt_version": "1.10.15", "profile_name": "medallion_duckdb", "target_name": "dev", "node_id": "test.medallion_dbt.not_null_fct_customer_transactions_total_amount_completed.989f790418"} */

    select
      count(*) as failures,
      count(*) != 0 as should_warn,
      count(*) != 0 as should_error
    from (
      
    
  
    
    



select total_amount_completed
from "medallion"."main"."fct_customer_transactions"
where total_amount_completed is null



  
  
      
    ) dbt_internal_test
[0m12:22:56.261592 [debug] [Thread-2 (]: On test.medallion_dbt.not_null_fct_customer_transactions_transaction_count.7466a4c02e: ROLLBACK
[0m12:22:56.261842 [info ] [Thread-1 (]: 10 of 16 PASS not_null_stg_transactions_amount ................................. [[32mPASS[0m in 0.02s]
[0m12:22:56.264228 [debug] [Thread-3 (]: DuckDB adapter: Error running SQL: /* {"app": "dbt", "dbt_version": "1.10.15", "profile_name": "medallion_duckdb", "target_name": "dev", "node_id": "test.medallion_dbt.not_null_fct_customer_transactions_total_amount_completed.989f790418"} */

    select
      count(*) as failures,
      count(*) != 0 as should_warn,
      count(*) != 0 as should_error
    from (
      
    
  
    
    



select total_amount_completed
from "medallion"."main"."fct_customer_transactions"
where total_amount_completed is null



  
  
      
    ) dbt_internal_test
[0m12:22:56.264752 [debug] [Thread-4 (]: Runtime Error in test not_null_fct_customer_transactions_total_amount_all (models/marts/schema.yml)
  Binder Error: Referenced column "total_amount_all" not found in FROM clause!
  Candidate bindings: "total_amount", "total_transactions", "last_transaction_date"
  
  LINE 18: where total_amount_all is null
                 ^
[0m12:22:56.264982 [debug] [Thread-1 (]: Finished running node test.medallion_dbt.not_null_stg_transactions_amount.3629b5421e
[0m12:22:56.265156 [debug] [Thread-3 (]: DuckDB adapter: Rolling back transaction.
[0m12:22:56.266506 [debug] [Thread-2 (]: Failed to rollback 'test.medallion_dbt.not_null_fct_customer_transactions_transaction_count.7466a4c02e'
[0m12:22:56.266728 [error] [Thread-4 (]: 7 of 16 ERROR not_null_fct_customer_transactions_total_amount_all .............. [[31mERROR[0m in 0.03s]
[0m12:22:56.266937 [debug] [Thread-1 (]: Began running node test.medallion_dbt.not_null_stg_transactions_customer_id.ea7b0d99bf
[0m12:22:56.267170 [debug] [Thread-3 (]: On test.medallion_dbt.not_null_fct_customer_transactions_total_amount_completed.989f790418: ROLLBACK
[0m12:22:56.267332 [debug] [Thread-2 (]: On test.medallion_dbt.not_null_fct_customer_transactions_transaction_count.7466a4c02e: Close
[0m12:22:56.267559 [debug] [Thread-4 (]: Finished running node test.medallion_dbt.not_null_fct_customer_transactions_total_amount_all.0a661a703f
[0m12:22:56.267725 [info ] [Thread-1 (]: 11 of 16 START test not_null_stg_transactions_customer_id ...................... [RUN]
[0m12:22:56.269087 [debug] [Thread-4 (]: Began running node test.medallion_dbt.not_null_stg_transactions_status.c7c2fec875
[0m12:22:56.269312 [debug] [Thread-7 (]: Marking all children of 'test.medallion_dbt.not_null_fct_customer_transactions_total_amount_all.0a661a703f' to be skipped because of status 'error'.  Reason: Runtime Error in test not_null_fct_customer_transactions_total_amount_all (models/marts/schema.yml)
  Binder Error: Referenced column "total_amount_all" not found in FROM clause!
  Candidate bindings: "total_amount", "total_transactions", "last_transaction_date"
  
  LINE 18: where total_amount_all is null
                 ^.
[0m12:22:56.270692 [debug] [Thread-3 (]: Failed to rollback 'test.medallion_dbt.not_null_fct_customer_transactions_total_amount_completed.989f790418'
[0m12:22:56.271969 [debug] [Thread-2 (]: Runtime Error in test not_null_fct_customer_transactions_transaction_count (models/marts/schema.yml)
  Binder Error: Referenced column "transaction_count" not found in FROM clause!
  Candidate bindings: "total_transactions", "total_amount", "last_transaction_date", "customer_id"
  
  LINE 18: where transaction_count is null
                 ^
[0m12:22:56.272148 [debug] [Thread-1 (]: Re-using an available connection from the pool (formerly test.medallion_dbt.not_null_stg_transactions_amount.3629b5421e, now test.medallion_dbt.not_null_stg_transactions_customer_id.ea7b0d99bf)
[0m12:22:56.272321 [info ] [Thread-4 (]: 12 of 16 START test not_null_stg_transactions_status ........................... [RUN]
[0m12:22:56.272529 [debug] [Thread-3 (]: On test.medallion_dbt.not_null_fct_customer_transactions_total_amount_completed.989f790418: Close
[0m12:22:56.272722 [error] [Thread-2 (]: 9 of 16 ERROR not_null_fct_customer_transactions_transaction_count ............. [[31mERROR[0m in 0.03s]
[0m12:22:56.272904 [debug] [Thread-1 (]: Began compiling node test.medallion_dbt.not_null_stg_transactions_customer_id.ea7b0d99bf
[0m12:22:56.273073 [debug] [Thread-4 (]: Re-using an available connection from the pool (formerly test.medallion_dbt.not_null_fct_customer_transactions_total_amount_all.0a661a703f, now test.medallion_dbt.not_null_stg_transactions_status.c7c2fec875)
[0m12:22:56.274962 [debug] [Thread-3 (]: Runtime Error in test not_null_fct_customer_transactions_total_amount_completed (models/marts/schema.yml)
  Binder Error: Referenced column "total_amount_completed" not found in FROM clause!
  Candidate bindings: "total_amount", "total_transactions", "last_transaction_date"
  
  LINE 18: where total_amount_completed is null
                 ^
[0m12:22:56.275202 [debug] [Thread-2 (]: Finished running node test.medallion_dbt.not_null_fct_customer_transactions_transaction_count.7466a4c02e
[0m12:22:56.276933 [debug] [Thread-1 (]: Writing injected SQL for node "test.medallion_dbt.not_null_stg_transactions_customer_id.ea7b0d99bf"
[0m12:22:56.277116 [debug] [Thread-4 (]: Began compiling node test.medallion_dbt.not_null_stg_transactions_status.c7c2fec875
[0m12:22:56.277318 [error] [Thread-3 (]: 8 of 16 ERROR not_null_fct_customer_transactions_total_amount_completed ........ [[31mERROR[0m in 0.04s]
[0m12:22:56.277504 [debug] [Thread-2 (]: Began running node test.medallion_dbt.not_null_stg_transactions_transaction_date.353bde368c
[0m12:22:56.277724 [debug] [Thread-7 (]: Marking all children of 'test.medallion_dbt.not_null_fct_customer_transactions_transaction_count.7466a4c02e' to be skipped because of status 'error'.  Reason: Runtime Error in test not_null_fct_customer_transactions_transaction_count (models/marts/schema.yml)
  Binder Error: Referenced column "transaction_count" not found in FROM clause!
  Candidate bindings: "total_transactions", "total_amount", "last_transaction_date", "customer_id"
  
  LINE 18: where transaction_count is null
                 ^.
[0m12:22:56.279299 [debug] [Thread-4 (]: Writing injected SQL for node "test.medallion_dbt.not_null_stg_transactions_status.c7c2fec875"
[0m12:22:56.279563 [debug] [Thread-3 (]: Finished running node test.medallion_dbt.not_null_fct_customer_transactions_total_amount_completed.989f790418
[0m12:22:56.279776 [info ] [Thread-2 (]: 13 of 16 START test not_null_stg_transactions_transaction_date ................. [RUN]
[0m12:22:56.279937 [debug] [Thread-1 (]: Began executing node test.medallion_dbt.not_null_stg_transactions_customer_id.ea7b0d99bf
[0m12:22:56.280177 [debug] [Thread-3 (]: Began running node test.medallion_dbt.not_null_stg_transactions_transaction_id.1d00a8e2e4
[0m12:22:56.280357 [debug] [Thread-2 (]: Re-using an available connection from the pool (formerly test.medallion_dbt.not_null_fct_customer_transactions_transaction_count.7466a4c02e, now test.medallion_dbt.not_null_stg_transactions_transaction_date.353bde368c)
[0m12:22:56.280551 [debug] [Thread-7 (]: Marking all children of 'test.medallion_dbt.not_null_fct_customer_transactions_total_amount_completed.989f790418' to be skipped because of status 'error'.  Reason: Runtime Error in test not_null_fct_customer_transactions_total_amount_completed (models/marts/schema.yml)
  Binder Error: Referenced column "total_amount_completed" not found in FROM clause!
  Candidate bindings: "total_amount", "total_transactions", "last_transaction_date"
  
  LINE 18: where total_amount_completed is null
                 ^.
[0m12:22:56.281758 [debug] [Thread-1 (]: Writing runtime sql for node "test.medallion_dbt.not_null_stg_transactions_customer_id.ea7b0d99bf"
[0m12:22:56.281915 [debug] [Thread-4 (]: Began executing node test.medallion_dbt.not_null_stg_transactions_status.c7c2fec875
[0m12:22:56.282072 [info ] [Thread-3 (]: 14 of 16 START test not_null_stg_transactions_transaction_id ................... [RUN]
[0m12:22:56.282252 [debug] [Thread-2 (]: Began compiling node test.medallion_dbt.not_null_stg_transactions_transaction_date.353bde368c
[0m12:22:56.283146 [debug] [Thread-4 (]: Writing runtime sql for node "test.medallion_dbt.not_null_stg_transactions_status.c7c2fec875"
[0m12:22:56.283319 [debug] [Thread-3 (]: Re-using an available connection from the pool (formerly test.medallion_dbt.not_null_fct_customer_transactions_total_amount_completed.989f790418, now test.medallion_dbt.not_null_stg_transactions_transaction_id.1d00a8e2e4)
[0m12:22:56.285072 [debug] [Thread-2 (]: Writing injected SQL for node "test.medallion_dbt.not_null_stg_transactions_transaction_date.353bde368c"
[0m12:22:56.285307 [debug] [Thread-3 (]: Began compiling node test.medallion_dbt.not_null_stg_transactions_transaction_id.1d00a8e2e4
[0m12:22:56.285537 [debug] [Thread-1 (]: Using duckdb connection "test.medallion_dbt.not_null_stg_transactions_customer_id.ea7b0d99bf"
[0m12:22:56.287130 [debug] [Thread-3 (]: Writing injected SQL for node "test.medallion_dbt.not_null_stg_transactions_transaction_id.1d00a8e2e4"
[0m12:22:56.287344 [debug] [Thread-1 (]: On test.medallion_dbt.not_null_stg_transactions_customer_id.ea7b0d99bf: BEGIN
[0m12:22:56.287529 [debug] [Thread-4 (]: Using duckdb connection "test.medallion_dbt.not_null_stg_transactions_status.c7c2fec875"
[0m12:22:56.287733 [debug] [Thread-1 (]: Opening a new connection, currently in state closed
[0m12:22:56.287919 [debug] [Thread-2 (]: Began executing node test.medallion_dbt.not_null_stg_transactions_transaction_date.353bde368c
[0m12:22:56.288074 [debug] [Thread-4 (]: On test.medallion_dbt.not_null_stg_transactions_status.c7c2fec875: BEGIN
[0m12:22:56.288334 [debug] [Thread-3 (]: Began executing node test.medallion_dbt.not_null_stg_transactions_transaction_id.1d00a8e2e4
[0m12:22:56.289212 [debug] [Thread-2 (]: Writing runtime sql for node "test.medallion_dbt.not_null_stg_transactions_transaction_date.353bde368c"
[0m12:22:56.289591 [debug] [Thread-1 (]: SQL status: OK in 0.002 seconds
[0m12:22:56.289760 [debug] [Thread-4 (]: Opening a new connection, currently in state closed
[0m12:22:56.290612 [debug] [Thread-3 (]: Writing runtime sql for node "test.medallion_dbt.not_null_stg_transactions_transaction_id.1d00a8e2e4"
[0m12:22:56.290813 [debug] [Thread-1 (]: Using duckdb connection "test.medallion_dbt.not_null_stg_transactions_customer_id.ea7b0d99bf"
[0m12:22:56.291098 [debug] [Thread-1 (]: On test.medallion_dbt.not_null_stg_transactions_customer_id.ea7b0d99bf: /* {"app": "dbt", "dbt_version": "1.10.15", "profile_name": "medallion_duckdb", "target_name": "dev", "node_id": "test.medallion_dbt.not_null_stg_transactions_customer_id.ea7b0d99bf"} */

    select
      count(*) as failures,
      count(*) != 0 as should_warn,
      count(*) != 0 as should_error
    from (
      
    
  
    
    



select customer_id
from "medallion"."main"."stg_transactions"
where customer_id is null



  
  
      
    ) dbt_internal_test
[0m12:22:56.291292 [debug] [Thread-2 (]: Using duckdb connection "test.medallion_dbt.not_null_stg_transactions_transaction_date.353bde368c"
[0m12:22:56.291467 [debug] [Thread-4 (]: SQL status: OK in 0.002 seconds
[0m12:22:56.291699 [debug] [Thread-2 (]: On test.medallion_dbt.not_null_stg_transactions_transaction_date.353bde368c: BEGIN
[0m12:22:56.291861 [debug] [Thread-4 (]: Using duckdb connection "test.medallion_dbt.not_null_stg_transactions_status.c7c2fec875"
[0m12:22:56.292036 [debug] [Thread-3 (]: Using duckdb connection "test.medallion_dbt.not_null_stg_transactions_transaction_id.1d00a8e2e4"
[0m12:22:56.292180 [debug] [Thread-2 (]: Opening a new connection, currently in state closed
[0m12:22:56.292348 [debug] [Thread-4 (]: On test.medallion_dbt.not_null_stg_transactions_status.c7c2fec875: /* {"app": "dbt", "dbt_version": "1.10.15", "profile_name": "medallion_duckdb", "target_name": "dev", "node_id": "test.medallion_dbt.not_null_stg_transactions_status.c7c2fec875"} */

    select
      count(*) as failures,
      count(*) != 0 as should_warn,
      count(*) != 0 as should_error
    from (
      
    
  
    
    



select status
from "medallion"."main"."stg_transactions"
where status is null



  
  
      
    ) dbt_internal_test
[0m12:22:56.292517 [debug] [Thread-1 (]: SQL status: OK in 0.001 seconds
[0m12:22:56.292664 [debug] [Thread-3 (]: On test.medallion_dbt.not_null_stg_transactions_transaction_id.1d00a8e2e4: BEGIN
[0m12:22:56.292965 [debug] [Thread-2 (]: SQL status: OK in 0.001 seconds
[0m12:22:56.293113 [debug] [Thread-3 (]: Opening a new connection, currently in state closed
[0m12:22:56.293805 [debug] [Thread-1 (]: On test.medallion_dbt.not_null_stg_transactions_customer_id.ea7b0d99bf: ROLLBACK
[0m12:22:56.293983 [debug] [Thread-4 (]: SQL status: OK in 0.001 seconds
[0m12:22:56.294152 [debug] [Thread-2 (]: Using duckdb connection "test.medallion_dbt.not_null_stg_transactions_transaction_date.353bde368c"
[0m12:22:56.294499 [debug] [Thread-1 (]: Failed to rollback 'test.medallion_dbt.not_null_stg_transactions_customer_id.ea7b0d99bf'
[0m12:22:56.295133 [debug] [Thread-4 (]: On test.medallion_dbt.not_null_stg_transactions_status.c7c2fec875: ROLLBACK
[0m12:22:56.295307 [debug] [Thread-3 (]: SQL status: OK in 0.002 seconds
[0m12:22:56.295477 [debug] [Thread-2 (]: On test.medallion_dbt.not_null_stg_transactions_transaction_date.353bde368c: /* {"app": "dbt", "dbt_version": "1.10.15", "profile_name": "medallion_duckdb", "target_name": "dev", "node_id": "test.medallion_dbt.not_null_stg_transactions_transaction_date.353bde368c"} */

    select
      count(*) as failures,
      count(*) != 0 as should_warn,
      count(*) != 0 as should_error
    from (
      
    
  
    
    



select transaction_date
from "medallion"."main"."stg_transactions"
where transaction_date is null



  
  
      
    ) dbt_internal_test
[0m12:22:56.295650 [debug] [Thread-1 (]: On test.medallion_dbt.not_null_stg_transactions_customer_id.ea7b0d99bf: Close
[0m12:22:56.295904 [debug] [Thread-4 (]: Failed to rollback 'test.medallion_dbt.not_null_stg_transactions_status.c7c2fec875'
[0m12:22:56.296062 [debug] [Thread-3 (]: Using duckdb connection "test.medallion_dbt.not_null_stg_transactions_transaction_id.1d00a8e2e4"
[0m12:22:56.296520 [debug] [Thread-4 (]: On test.medallion_dbt.not_null_stg_transactions_status.c7c2fec875: Close
[0m12:22:56.296383 [info ] [Thread-1 (]: 11 of 16 PASS not_null_stg_transactions_customer_id ............................ [[32mPASS[0m in 0.02s]
[0m12:22:56.296749 [debug] [Thread-3 (]: On test.medallion_dbt.not_null_stg_transactions_transaction_id.1d00a8e2e4: /* {"app": "dbt", "dbt_version": "1.10.15", "profile_name": "medallion_duckdb", "target_name": "dev", "node_id": "test.medallion_dbt.not_null_stg_transactions_transaction_id.1d00a8e2e4"} */

    select
      count(*) as failures,
      count(*) != 0 as should_warn,
      count(*) != 0 as should_error
    from (
      
    
  
    
    



select transaction_id
from "medallion"."main"."stg_transactions"
where transaction_id is null



  
  
      
    ) dbt_internal_test
[0m12:22:56.296920 [debug] [Thread-2 (]: SQL status: OK in 0.001 seconds
[0m12:22:56.297356 [debug] [Thread-1 (]: Finished running node test.medallion_dbt.not_null_stg_transactions_customer_id.ea7b0d99bf
[0m12:22:56.297154 [info ] [Thread-4 (]: 12 of 16 PASS not_null_stg_transactions_status ................................. [[32mPASS[0m in 0.02s]
[0m12:22:56.298128 [debug] [Thread-2 (]: On test.medallion_dbt.not_null_stg_transactions_transaction_date.353bde368c: ROLLBACK
[0m12:22:56.298320 [debug] [Thread-1 (]: Began running node test.medallion_dbt.not_null_stg_transactions_transaction_ts.414f2f36a7
[0m12:22:56.298568 [debug] [Thread-4 (]: Finished running node test.medallion_dbt.not_null_stg_transactions_status.c7c2fec875
[0m12:22:56.298723 [debug] [Thread-3 (]: SQL status: OK in 0.001 seconds
[0m12:22:56.298989 [debug] [Thread-2 (]: Failed to rollback 'test.medallion_dbt.not_null_stg_transactions_transaction_date.353bde368c'
[0m12:22:56.299310 [debug] [Thread-4 (]: Began running node test.medallion_dbt.unique_stg_transactions_transaction_id.ee9a78a396
[0m12:22:56.299150 [info ] [Thread-1 (]: 15 of 16 START test not_null_stg_transactions_transaction_ts ................... [RUN]
[0m12:22:56.299994 [debug] [Thread-3 (]: On test.medallion_dbt.not_null_stg_transactions_transaction_id.1d00a8e2e4: ROLLBACK
[0m12:22:56.300150 [debug] [Thread-2 (]: On test.medallion_dbt.not_null_stg_transactions_transaction_date.353bde368c: Close
[0m12:22:56.300322 [info ] [Thread-4 (]: 16 of 16 START test unique_stg_transactions_transaction_id ..................... [RUN]
[0m12:22:56.300519 [debug] [Thread-1 (]: Re-using an available connection from the pool (formerly test.medallion_dbt.not_null_stg_transactions_customer_id.ea7b0d99bf, now test.medallion_dbt.not_null_stg_transactions_transaction_ts.414f2f36a7)
[0m12:22:56.300790 [debug] [Thread-3 (]: Failed to rollback 'test.medallion_dbt.not_null_stg_transactions_transaction_id.1d00a8e2e4'
[0m12:22:56.301170 [debug] [Thread-4 (]: Re-using an available connection from the pool (formerly test.medallion_dbt.not_null_stg_transactions_status.c7c2fec875, now test.medallion_dbt.unique_stg_transactions_transaction_id.ee9a78a396)
[0m12:22:56.301022 [info ] [Thread-2 (]: 13 of 16 PASS not_null_stg_transactions_transaction_date ....................... [[32mPASS[0m in 0.02s]
[0m12:22:56.301369 [debug] [Thread-1 (]: Began compiling node test.medallion_dbt.not_null_stg_transactions_transaction_ts.414f2f36a7
[0m12:22:56.301525 [debug] [Thread-3 (]: On test.medallion_dbt.not_null_stg_transactions_transaction_id.1d00a8e2e4: Close
[0m12:22:56.301673 [debug] [Thread-4 (]: Began compiling node test.medallion_dbt.unique_stg_transactions_transaction_id.ee9a78a396
[0m12:22:56.301885 [debug] [Thread-2 (]: Finished running node test.medallion_dbt.not_null_stg_transactions_transaction_date.353bde368c
[0m12:22:56.303550 [debug] [Thread-1 (]: Writing injected SQL for node "test.medallion_dbt.not_null_stg_transactions_transaction_ts.414f2f36a7"
[0m12:22:56.303811 [info ] [Thread-3 (]: 14 of 16 PASS not_null_stg_transactions_transaction_id ......................... [[32mPASS[0m in 0.02s]
[0m12:22:56.308621 [debug] [Thread-4 (]: Writing injected SQL for node "test.medallion_dbt.unique_stg_transactions_transaction_id.ee9a78a396"
[0m12:22:56.308966 [debug] [Thread-3 (]: Finished running node test.medallion_dbt.not_null_stg_transactions_transaction_id.1d00a8e2e4
[0m12:22:56.309329 [debug] [Thread-1 (]: Began executing node test.medallion_dbt.not_null_stg_transactions_transaction_ts.414f2f36a7
[0m12:22:56.310190 [debug] [Thread-1 (]: Writing runtime sql for node "test.medallion_dbt.not_null_stg_transactions_transaction_ts.414f2f36a7"
[0m12:22:56.310384 [debug] [Thread-4 (]: Began executing node test.medallion_dbt.unique_stg_transactions_transaction_id.ee9a78a396
[0m12:22:56.311238 [debug] [Thread-4 (]: Writing runtime sql for node "test.medallion_dbt.unique_stg_transactions_transaction_id.ee9a78a396"
[0m12:22:56.311493 [debug] [Thread-1 (]: Using duckdb connection "test.medallion_dbt.not_null_stg_transactions_transaction_ts.414f2f36a7"
[0m12:22:56.311680 [debug] [Thread-1 (]: On test.medallion_dbt.not_null_stg_transactions_transaction_ts.414f2f36a7: BEGIN
[0m12:22:56.311831 [debug] [Thread-1 (]: Opening a new connection, currently in state closed
[0m12:22:56.311998 [debug] [Thread-4 (]: Using duckdb connection "test.medallion_dbt.unique_stg_transactions_transaction_id.ee9a78a396"
[0m12:22:56.312224 [debug] [Thread-4 (]: On test.medallion_dbt.unique_stg_transactions_transaction_id.ee9a78a396: BEGIN
[0m12:22:56.312373 [debug] [Thread-4 (]: Opening a new connection, currently in state closed
[0m12:22:56.312522 [debug] [Thread-1 (]: SQL status: OK in 0.001 seconds
[0m12:22:56.312717 [debug] [Thread-1 (]: Using duckdb connection "test.medallion_dbt.not_null_stg_transactions_transaction_ts.414f2f36a7"
[0m12:22:56.312883 [debug] [Thread-1 (]: On test.medallion_dbt.not_null_stg_transactions_transaction_ts.414f2f36a7: /* {"app": "dbt", "dbt_version": "1.10.15", "profile_name": "medallion_duckdb", "target_name": "dev", "node_id": "test.medallion_dbt.not_null_stg_transactions_transaction_ts.414f2f36a7"} */

    select
      count(*) as failures,
      count(*) != 0 as should_warn,
      count(*) != 0 as should_error
    from (
      
    
  
    
    



select transaction_ts
from "medallion"."main"."stg_transactions"
where transaction_ts is null



  
  
      
    ) dbt_internal_test
[0m12:22:56.313044 [debug] [Thread-4 (]: SQL status: OK in 0.001 seconds
[0m12:22:56.313243 [debug] [Thread-4 (]: Using duckdb connection "test.medallion_dbt.unique_stg_transactions_transaction_id.ee9a78a396"
[0m12:22:56.313401 [debug] [Thread-4 (]: On test.medallion_dbt.unique_stg_transactions_transaction_id.ee9a78a396: /* {"app": "dbt", "dbt_version": "1.10.15", "profile_name": "medallion_duckdb", "target_name": "dev", "node_id": "test.medallion_dbt.unique_stg_transactions_transaction_id.ee9a78a396"} */

    select
      count(*) as failures,
      count(*) != 0 as should_warn,
      count(*) != 0 as should_error
    from (
      
    
  
    
    

select
    transaction_id as unique_field,
    count(*) as n_records

from "medallion"."main"."stg_transactions"
where transaction_id is not null
group by transaction_id
having count(*) > 1



  
  
      
    ) dbt_internal_test
[0m12:22:56.313642 [debug] [Thread-1 (]: DuckDB adapter: Error running SQL: /* {"app": "dbt", "dbt_version": "1.10.15", "profile_name": "medallion_duckdb", "target_name": "dev", "node_id": "test.medallion_dbt.not_null_stg_transactions_transaction_ts.414f2f36a7"} */

    select
      count(*) as failures,
      count(*) != 0 as should_warn,
      count(*) != 0 as should_error
    from (
      
    
  
    
    



select transaction_ts
from "medallion"."main"."stg_transactions"
where transaction_ts is null



  
  
      
    ) dbt_internal_test
[0m12:22:56.313861 [debug] [Thread-1 (]: DuckDB adapter: Rolling back transaction.
[0m12:22:56.314056 [debug] [Thread-1 (]: On test.medallion_dbt.not_null_stg_transactions_transaction_ts.414f2f36a7: ROLLBACK
[0m12:22:56.314943 [debug] [Thread-4 (]: SQL status: OK in 0.001 seconds
[0m12:22:56.315677 [debug] [Thread-4 (]: On test.medallion_dbt.unique_stg_transactions_transaction_id.ee9a78a396: ROLLBACK
[0m12:22:56.315966 [debug] [Thread-4 (]: Failed to rollback 'test.medallion_dbt.unique_stg_transactions_transaction_id.ee9a78a396'
[0m12:22:56.316124 [debug] [Thread-4 (]: On test.medallion_dbt.unique_stg_transactions_transaction_id.ee9a78a396: Close
[0m12:22:56.316453 [info ] [Thread-4 (]: 16 of 16 PASS unique_stg_transactions_transaction_id ........................... [[32mPASS[0m in 0.02s]
[0m12:22:56.316703 [debug] [Thread-4 (]: Finished running node test.medallion_dbt.unique_stg_transactions_transaction_id.ee9a78a396
[0m12:22:56.318146 [debug] [Thread-1 (]: Failed to rollback 'test.medallion_dbt.not_null_stg_transactions_transaction_ts.414f2f36a7'
[0m12:22:56.318307 [debug] [Thread-1 (]: On test.medallion_dbt.not_null_stg_transactions_transaction_ts.414f2f36a7: Close
[0m12:22:56.320175 [debug] [Thread-1 (]: Runtime Error in test not_null_stg_transactions_transaction_ts (models/staging/schema.yml)
  Binder Error: Referenced column "transaction_ts" not found in FROM clause!
  Candidate bindings: "transaction_date", "transaction_id", "customer_id", "status"
  
  LINE 18: where transaction_ts is null
                 ^
[0m12:22:56.320384 [error] [Thread-1 (]: 15 of 16 ERROR not_null_stg_transactions_transaction_ts ........................ [[31mERROR[0m in 0.02s]
[0m12:22:56.320623 [debug] [Thread-1 (]: Finished running node test.medallion_dbt.not_null_stg_transactions_transaction_ts.414f2f36a7
[0m12:22:56.320832 [debug] [Thread-7 (]: Marking all children of 'test.medallion_dbt.not_null_stg_transactions_transaction_ts.414f2f36a7' to be skipped because of status 'error'.  Reason: Runtime Error in test not_null_stg_transactions_transaction_ts (models/staging/schema.yml)
  Binder Error: Referenced column "transaction_ts" not found in FROM clause!
  Candidate bindings: "transaction_date", "transaction_id", "customer_id", "status"
  
  LINE 18: where transaction_ts is null
                 ^.
[0m12:22:56.321404 [debug] [MainThread]: Using duckdb connection "master"
[0m12:22:56.321541 [debug] [MainThread]: On master: BEGIN
[0m12:22:56.321651 [debug] [MainThread]: Opening a new connection, currently in state closed
[0m12:22:56.321870 [debug] [MainThread]: SQL status: OK in 0.000 seconds
[0m12:22:56.321996 [debug] [MainThread]: On master: COMMIT
[0m12:22:56.322113 [debug] [MainThread]: Using duckdb connection "master"
[0m12:22:56.322221 [debug] [MainThread]: On master: COMMIT
[0m12:22:56.322388 [debug] [MainThread]: SQL status: OK in 0.000 seconds
[0m12:22:56.322511 [debug] [MainThread]: On master: Close
[0m12:22:56.322661 [debug] [MainThread]: Connection 'master' was properly closed.
[0m12:22:56.322769 [debug] [MainThread]: Connection 'test.medallion_dbt.not_null_stg_transactions_transaction_ts.414f2f36a7' was properly closed.
[0m12:22:56.322872 [debug] [MainThread]: Connection 'test.medallion_dbt.unique_stg_transactions_transaction_id.ee9a78a396' was properly closed.
[0m12:22:56.322974 [debug] [MainThread]: Connection 'test.medallion_dbt.not_null_stg_transactions_transaction_date.353bde368c' was properly closed.
[0m12:22:56.323072 [debug] [MainThread]: Connection 'test.medallion_dbt.not_null_stg_transactions_transaction_id.1d00a8e2e4' was properly closed.
[0m12:22:56.323195 [info ] [MainThread]: 
[0m12:22:56.323325 [info ] [MainThread]: Finished running 16 data tests in 0 hours 0 minutes and 0.24 seconds (0.24s).
[0m12:22:56.324411 [debug] [MainThread]: Command end result
[0m12:22:56.335273 [debug] [MainThread]: Wrote artifact WritableManifest to /Users/nicolasvelazquez/documents/udesa/ingenieriadatos/examen_ing_de_sw_n_data_final/dbt/target/manifest.json
[0m12:22:56.336215 [debug] [MainThread]: Wrote artifact SemanticManifest to /Users/nicolasvelazquez/documents/udesa/ingenieriadatos/examen_ing_de_sw_n_data_final/dbt/target/semantic_manifest.json
[0m12:22:56.339586 [debug] [MainThread]: Wrote artifact RunExecutionResult to /Users/nicolasvelazquez/documents/udesa/ingenieriadatos/examen_ing_de_sw_n_data_final/dbt/target/run_results.json
[0m12:22:56.339746 [info ] [MainThread]: 
[0m12:22:56.339915 [info ] [MainThread]: [31mCompleted with 7 errors, 0 partial successes, and 0 warnings:[0m
[0m12:22:56.340050 [info ] [MainThread]: 
[0m12:22:56.340215 [error] [MainThread]: [31mFailure in test non_negative_fct_customer_transactions_transaction_count (models/marts/schema.yml)[0m
[0m12:22:56.340384 [error] [MainThread]:   Runtime Error in test non_negative_fct_customer_transactions_transaction_count (models/marts/schema.yml)
  Binder Error: Referenced column "transaction_count" not found in FROM clause!
  Candidate bindings: "total_transactions", "total_amount", "last_transaction_date", "customer_id"
  
  LINE 17: where transaction_count < 0 or transaction_count is null
                 ^
[0m12:22:56.340509 [info ] [MainThread]: 
[0m12:22:56.340656 [info ] [MainThread]:   compiled code at target/compiled/medallion_dbt/models/marts/schema.yml/non_negative_fct_customer_transactions_transaction_count.sql
[0m12:22:56.340774 [info ] [MainThread]: 
[0m12:22:56.340922 [error] [MainThread]: [31mFailure in test non_negative_fct_customer_transactions_total_amount_completed (models/marts/schema.yml)[0m
[0m12:22:56.341077 [error] [MainThread]:   Runtime Error in test non_negative_fct_customer_transactions_total_amount_completed (models/marts/schema.yml)
  Binder Error: Referenced column "total_amount_completed" not found in FROM clause!
  Candidate bindings: "total_amount", "total_transactions", "last_transaction_date"
  
  LINE 17: where total_amount_completed < 0 or total_amount_completed is...
                 ^
[0m12:22:56.341193 [info ] [MainThread]: 
[0m12:22:56.341340 [info ] [MainThread]:   compiled code at target/compiled/medallion_dbt/models/marts/schema.yml/non_negative_fct_customer_transactions_total_amount_completed.sql
[0m12:22:56.341455 [info ] [MainThread]: 
[0m12:22:56.341600 [error] [MainThread]: [31mFailure in test non_negative_fct_customer_transactions_total_amount_all (models/marts/schema.yml)[0m
[0m12:22:56.341752 [error] [MainThread]:   Runtime Error in test non_negative_fct_customer_transactions_total_amount_all (models/marts/schema.yml)
  Binder Error: Referenced column "total_amount_all" not found in FROM clause!
  Candidate bindings: "total_amount", "total_transactions", "last_transaction_date"
  
  LINE 17: where total_amount_all < 0 or total_amount_all is null
                 ^
[0m12:22:56.341874 [info ] [MainThread]: 
[0m12:22:56.342014 [info ] [MainThread]:   compiled code at target/compiled/medallion_dbt/models/marts/schema.yml/non_negative_fct_customer_transactions_total_amount_all.sql
[0m12:22:56.342127 [info ] [MainThread]: 
[0m12:22:56.342271 [error] [MainThread]: [31mFailure in test not_null_fct_customer_transactions_total_amount_all (models/marts/schema.yml)[0m
[0m12:22:56.342420 [error] [MainThread]:   Runtime Error in test not_null_fct_customer_transactions_total_amount_all (models/marts/schema.yml)
  Binder Error: Referenced column "total_amount_all" not found in FROM clause!
  Candidate bindings: "total_amount", "total_transactions", "last_transaction_date"
  
  LINE 18: where total_amount_all is null
                 ^
[0m12:22:56.342536 [info ] [MainThread]: 
[0m12:22:56.342673 [info ] [MainThread]:   compiled code at target/compiled/medallion_dbt/models/marts/schema.yml/not_null_fct_customer_transactions_total_amount_all.sql
[0m12:22:56.342785 [info ] [MainThread]: 
[0m12:22:56.342932 [error] [MainThread]: [31mFailure in test not_null_fct_customer_transactions_transaction_count (models/marts/schema.yml)[0m
[0m12:22:56.343083 [error] [MainThread]:   Runtime Error in test not_null_fct_customer_transactions_transaction_count (models/marts/schema.yml)
  Binder Error: Referenced column "transaction_count" not found in FROM clause!
  Candidate bindings: "total_transactions", "total_amount", "last_transaction_date", "customer_id"
  
  LINE 18: where transaction_count is null
                 ^
[0m12:22:56.343201 [info ] [MainThread]: 
[0m12:22:56.343342 [info ] [MainThread]:   compiled code at target/compiled/medallion_dbt/models/marts/schema.yml/not_null_fct_customer_transactions_transaction_count.sql
[0m12:22:56.343458 [info ] [MainThread]: 
[0m12:22:56.343603 [error] [MainThread]: [31mFailure in test not_null_fct_customer_transactions_total_amount_completed (models/marts/schema.yml)[0m
[0m12:22:56.343754 [error] [MainThread]:   Runtime Error in test not_null_fct_customer_transactions_total_amount_completed (models/marts/schema.yml)
  Binder Error: Referenced column "total_amount_completed" not found in FROM clause!
  Candidate bindings: "total_amount", "total_transactions", "last_transaction_date"
  
  LINE 18: where total_amount_completed is null
                 ^
[0m12:22:56.343867 [info ] [MainThread]: 
[0m12:22:56.344007 [info ] [MainThread]:   compiled code at target/compiled/medallion_dbt/models/marts/schema.yml/not_null_fct_customer_transactions_total_amount_completed.sql
[0m12:22:56.344115 [info ] [MainThread]: 
[0m12:22:56.344255 [error] [MainThread]: [31mFailure in test not_null_stg_transactions_transaction_ts (models/staging/schema.yml)[0m
[0m12:22:56.344405 [error] [MainThread]:   Runtime Error in test not_null_stg_transactions_transaction_ts (models/staging/schema.yml)
  Binder Error: Referenced column "transaction_ts" not found in FROM clause!
  Candidate bindings: "transaction_date", "transaction_id", "customer_id", "status"
  
  LINE 18: where transaction_ts is null
                 ^
[0m12:22:56.344520 [info ] [MainThread]: 
[0m12:22:56.344655 [info ] [MainThread]:   compiled code at target/compiled/medallion_dbt/models/staging/schema.yml/not_null_stg_transactions_transaction_ts.sql
[0m12:22:56.344772 [info ] [MainThread]: 
[0m12:22:56.344905 [info ] [MainThread]: Done. PASS=9 WARN=0 ERROR=7 SKIP=0 NO-OP=0 TOTAL=16
[0m12:22:56.346274 [debug] [MainThread]: Resource report: {"command_name": "test", "command_success": false, "command_wall_clock_time": 0.66688144, "process_in_blocks": "0", "process_kernel_time": 0.167187, "process_mem_max_rss": "193101824", "process_out_blocks": "0", "process_user_time": 1.205771}
[0m12:22:56.346487 [debug] [MainThread]: Command `dbt test` failed at 12:22:56.346448 after 0.67 seconds
[0m12:22:56.346666 [debug] [MainThread]: Sending event: {'category': 'dbt', 'action': 'invocation', 'label': 'end', 'context': [<snowplow_tracker.self_describing_json.SelfDescribingJson object at 0x1092edd90>, <snowplow_tracker.self_describing_json.SelfDescribingJson object at 0x109a71bd0>, <snowplow_tracker.self_describing_json.SelfDescribingJson object at 0x109a72200>]}
[0m12:22:56.346829 [debug] [MainThread]: Flushing usage events
[0m12:22:57.007328 [debug] [MainThread]: An error was encountered while trying to flush usage events
[0m12:25:09.439012 [debug] [MainThread]: Sending event: {'category': 'dbt', 'action': 'invocation', 'label': 'start', 'context': [<snowplow_tracker.self_describing_json.SelfDescribingJson object at 0x10c6b38c0>, <snowplow_tracker.self_describing_json.SelfDescribingJson object at 0x10dcf7890>, <snowplow_tracker.self_describing_json.SelfDescribingJson object at 0x10dcf79d0>]}


============================== 12:25:09.441829 | 8ad2a591-28b5-46ec-9fd4-fddeb11eb9c2 ==============================
[0m12:25:09.441829 [info ] [MainThread]: Running with dbt=1.10.15
[0m12:25:09.442156 [debug] [MainThread]: running dbt with arguments {'use_colors': 'True', 'cache_selected_only': 'False', 'send_anonymous_usage_stats': 'True', 'use_experimental_parser': 'False', 'indirect_selection': 'eager', 'log_path': '/Users/nicolasvelazquez/documents/udesa/ingenieriadatos/examen_ing_de_sw_n_data_final/dbt/logs', 'warn_error': 'None', 'warn_error_options': 'WarnErrorOptionsV2(error=[], warn=[], silence=[])', 'static_parser': 'True', 'fail_fast': 'False', 'debug': 'False', 'log_format': 'default', 'version_check': 'True', 'invocation_command': 'dbt run --project-dir /Users/nicolasvelazquez/documents/udesa/ingenieriadatos/examen_ing_de_sw_n_data_final/dbt', 'empty': 'False', 'profiles_dir': '/Users/nicolasvelazquez/documents/udesa/ingenieriadatos/examen_ing_de_sw_n_data_final/profiles', 'introspect': 'True', 'target_path': 'None', 'write_json': 'True', 'printer_width': '80', 'log_cache_events': 'False', 'quiet': 'False', 'no_print': 'None', 'partial_parse': 'True'}
[0m12:25:09.629939 [debug] [MainThread]: Sending event: {'category': 'dbt', 'action': 'project_id', 'label': '8ad2a591-28b5-46ec-9fd4-fddeb11eb9c2', 'context': [<snowplow_tracker.self_describing_json.SelfDescribingJson object at 0x10cfee060>]}
[0m12:25:09.658563 [debug] [MainThread]: Sending event: {'category': 'dbt', 'action': 'adapter_info', 'label': '8ad2a591-28b5-46ec-9fd4-fddeb11eb9c2', 'context': [<snowplow_tracker.self_describing_json.SelfDescribingJson object at 0x10dc23020>]}
[0m12:25:09.660091 [info ] [MainThread]: Registered adapter: duckdb=1.10.0
[0m12:25:09.719639 [debug] [MainThread]: checksum: 14a228079bd6df63ba81633f9a3cf44ecfaa31056ac397c602753ec895dbf885, vars: {}, profile: , target: , version: 1.10.15
[0m12:25:09.798528 [debug] [MainThread]: Partial parsing enabled: 0 files deleted, 0 files added, 2 files changed.
[0m12:25:09.798916 [debug] [MainThread]: Partial parsing: updated file: medallion_dbt://models/marts/fct_customer_transactions.sql
[0m12:25:09.799152 [debug] [MainThread]: Partial parsing: updated file: medallion_dbt://models/staging/stg_transactions.sql
[0m12:25:10.015726 [warn ] [MainThread]: [[33mWARNING[0m][MissingArgumentsPropertyInGenericTestDeprecation]: Deprecated
functionality
Found top-level arguments to test `accepted_values`. Arguments to generic tests
should be nested under the `arguments` property.`
[0m12:25:10.016038 [debug] [MainThread]: Sending event: {'category': 'dbt', 'action': 'deprecation', 'label': '8ad2a591-28b5-46ec-9fd4-fddeb11eb9c2', 'property_': 'warn', 'context': [<snowplow_tracker.self_describing_json.SelfDescribingJson object at 0x10e1f4e50>]}
[0m12:25:10.043472 [debug] [MainThread]: Sending event: {'category': 'dbt', 'action': 'load_project', 'label': '8ad2a591-28b5-46ec-9fd4-fddeb11eb9c2', 'context': [<snowplow_tracker.self_describing_json.SelfDescribingJson object at 0x10e2dfc50>]}
[0m12:25:10.077241 [debug] [MainThread]: Wrote artifact WritableManifest to /Users/nicolasvelazquez/documents/udesa/ingenieriadatos/examen_ing_de_sw_n_data_final/dbt/target/manifest.json
[0m12:25:10.078514 [debug] [MainThread]: Wrote artifact SemanticManifest to /Users/nicolasvelazquez/documents/udesa/ingenieriadatos/examen_ing_de_sw_n_data_final/dbt/target/semantic_manifest.json
[0m12:25:10.091428 [debug] [MainThread]: Sending event: {'category': 'dbt', 'action': 'resource_counts', 'label': '8ad2a591-28b5-46ec-9fd4-fddeb11eb9c2', 'context': [<snowplow_tracker.self_describing_json.SelfDescribingJson object at 0x10ded58d0>]}
[0m12:25:10.091684 [info ] [MainThread]: Found 2 models, 16 data tests, 469 macros
[0m12:25:10.091844 [debug] [MainThread]: Sending event: {'category': 'dbt', 'action': 'runnable_timing', 'label': '8ad2a591-28b5-46ec-9fd4-fddeb11eb9c2', 'context': [<snowplow_tracker.self_describing_json.SelfDescribingJson object at 0x10e4cf380>]}
[0m12:25:10.092818 [info ] [MainThread]: 
[0m12:25:10.092980 [info ] [MainThread]: Concurrency: 4 threads (target='dev')
[0m12:25:10.093111 [info ] [MainThread]: 
[0m12:25:10.093337 [debug] [MainThread]: Acquiring new duckdb connection 'master'
[0m12:25:10.095578 [debug] [ThreadPool]: Acquiring new duckdb connection 'list_medallion'
[0m12:25:10.125718 [debug] [ThreadPool]: Using duckdb connection "list_medallion"
[0m12:25:10.125952 [debug] [ThreadPool]: On list_medallion: /* {"app": "dbt", "dbt_version": "1.10.15", "profile_name": "medallion_duckdb", "target_name": "dev", "connection_name": "list_medallion"} */

    
    select schema_name
    from system.information_schema.schemata
    
    where lower(catalog_name) = '"medallion"'
    
  
  
[0m12:25:10.126103 [debug] [ThreadPool]: Opening a new connection, currently in state init
[0m12:25:10.143773 [debug] [ThreadPool]: SQL status: OK in 0.018 seconds
[0m12:25:10.144572 [debug] [ThreadPool]: On list_medallion: Close
[0m12:25:10.144949 [debug] [ThreadPool]: Re-using an available connection from the pool (formerly list_medallion, now create_medallion_main)
[0m12:25:10.145172 [debug] [ThreadPool]: Creating schema "database: "medallion"
schema: "main"
"
[0m12:25:10.148274 [debug] [ThreadPool]: Using duckdb connection "create_medallion_main"
[0m12:25:10.148436 [debug] [ThreadPool]: On create_medallion_main: /* {"app": "dbt", "dbt_version": "1.10.15", "profile_name": "medallion_duckdb", "target_name": "dev", "connection_name": "create_medallion_main"} */

    
        select type from duckdb_databases()
        where lower(database_name)='medallion'
        and type='sqlite'
    
  
[0m12:25:10.148565 [debug] [ThreadPool]: Opening a new connection, currently in state closed
[0m12:25:10.149147 [debug] [ThreadPool]: SQL status: OK in 0.001 seconds
[0m12:25:10.149743 [debug] [ThreadPool]: Using duckdb connection "create_medallion_main"
[0m12:25:10.149882 [debug] [ThreadPool]: On create_medallion_main: BEGIN
[0m12:25:10.150077 [debug] [ThreadPool]: SQL status: OK in 0.000 seconds
[0m12:25:10.150199 [debug] [ThreadPool]: Using duckdb connection "create_medallion_main"
[0m12:25:10.150321 [debug] [ThreadPool]: On create_medallion_main: /* {"app": "dbt", "dbt_version": "1.10.15", "profile_name": "medallion_duckdb", "target_name": "dev", "connection_name": "create_medallion_main"} */

    
    
        create schema if not exists "medallion"."main"
    
[0m12:25:10.150765 [debug] [ThreadPool]: SQL status: OK in 0.000 seconds
[0m12:25:10.151141 [debug] [ThreadPool]: On create_medallion_main: COMMIT
[0m12:25:10.151274 [debug] [ThreadPool]: Using duckdb connection "create_medallion_main"
[0m12:25:10.151392 [debug] [ThreadPool]: On create_medallion_main: COMMIT
[0m12:25:10.151566 [debug] [ThreadPool]: SQL status: OK in 0.000 seconds
[0m12:25:10.151692 [debug] [ThreadPool]: On create_medallion_main: Close
[0m12:25:10.152194 [debug] [ThreadPool]: Re-using an available connection from the pool (formerly create_medallion_main, now list_medallion_main)
[0m12:25:10.156306 [debug] [ThreadPool]: Using duckdb connection "list_medallion_main"
[0m12:25:10.156477 [debug] [ThreadPool]: On list_medallion_main: BEGIN
[0m12:25:10.156602 [debug] [ThreadPool]: Opening a new connection, currently in state closed
[0m12:25:10.156846 [debug] [ThreadPool]: SQL status: OK in 0.000 seconds
[0m12:25:10.156973 [debug] [ThreadPool]: Using duckdb connection "list_medallion_main"
[0m12:25:10.157107 [debug] [ThreadPool]: On list_medallion_main: /* {"app": "dbt", "dbt_version": "1.10.15", "profile_name": "medallion_duckdb", "target_name": "dev", "connection_name": "list_medallion_main"} */
select
      'medallion' as database,
      table_name as name,
      table_schema as schema,
      CASE table_type
        WHEN 'BASE TABLE' THEN 'table'
        WHEN 'VIEW' THEN 'view'
        WHEN 'LOCAL TEMPORARY' THEN 'table'
        END as type
    from system.information_schema.tables
    where lower(table_schema) = 'main'
    and lower(table_catalog) = 'medallion'
  
[0m12:25:10.165747 [debug] [ThreadPool]: SQL status: OK in 0.008 seconds
[0m12:25:10.166448 [debug] [ThreadPool]: On list_medallion_main: ROLLBACK
[0m12:25:10.167310 [debug] [ThreadPool]: Failed to rollback 'list_medallion_main'
[0m12:25:10.167457 [debug] [ThreadPool]: On list_medallion_main: Close
[0m12:25:10.167875 [debug] [MainThread]: Sending event: {'category': 'dbt', 'action': 'runnable_timing', 'label': '8ad2a591-28b5-46ec-9fd4-fddeb11eb9c2', 'context': [<snowplow_tracker.self_describing_json.SelfDescribingJson object at 0x10e4f1a90>]}
[0m12:25:10.168091 [debug] [MainThread]: Using duckdb connection "master"
[0m12:25:10.168215 [debug] [MainThread]: On master: BEGIN
[0m12:25:10.168324 [debug] [MainThread]: Opening a new connection, currently in state init
[0m12:25:10.168541 [debug] [MainThread]: SQL status: OK in 0.000 seconds
[0m12:25:10.168668 [debug] [MainThread]: On master: COMMIT
[0m12:25:10.168786 [debug] [MainThread]: Using duckdb connection "master"
[0m12:25:10.168901 [debug] [MainThread]: On master: COMMIT
[0m12:25:10.169074 [debug] [MainThread]: SQL status: OK in 0.000 seconds
[0m12:25:10.169198 [debug] [MainThread]: On master: Close
[0m12:25:10.170803 [debug] [Thread-1 (]: Began running node model.medallion_dbt.stg_transactions
[0m12:25:10.171051 [info ] [Thread-1 (]: 1 of 2 START sql view model main.stg_transactions .............................. [RUN]
[0m12:25:10.171256 [debug] [Thread-1 (]: Re-using an available connection from the pool (formerly list_medallion_main, now model.medallion_dbt.stg_transactions)
[0m12:25:10.171418 [debug] [Thread-1 (]: Began compiling node model.medallion_dbt.stg_transactions
[0m12:25:10.175824 [debug] [Thread-1 (]: Writing injected SQL for node "model.medallion_dbt.stg_transactions"
[0m12:25:10.176338 [debug] [Thread-1 (]: Began executing node model.medallion_dbt.stg_transactions
[0m12:25:10.190375 [debug] [Thread-1 (]: Writing runtime sql for node "model.medallion_dbt.stg_transactions"
[0m12:25:10.190918 [debug] [Thread-1 (]: Using duckdb connection "model.medallion_dbt.stg_transactions"
[0m12:25:10.191097 [debug] [Thread-1 (]: On model.medallion_dbt.stg_transactions: BEGIN
[0m12:25:10.191250 [debug] [Thread-1 (]: Opening a new connection, currently in state closed
[0m12:25:10.191564 [debug] [Thread-1 (]: SQL status: OK in 0.000 seconds
[0m12:25:10.191725 [debug] [Thread-1 (]: Using duckdb connection "model.medallion_dbt.stg_transactions"
[0m12:25:10.191900 [debug] [Thread-1 (]: On model.medallion_dbt.stg_transactions: /* {"app": "dbt", "dbt_version": "1.10.15", "profile_name": "medallion_duckdb", "target_name": "dev", "node_id": "model.medallion_dbt.stg_transactions"} */

  
  create view "medallion"."main"."stg_transactions__dbt_tmp" as (
    


with source as (
    select *
    from read_parquet(
        '/Users/nicolasvelazquez/documents/udesa/ingenieriadatos/examen_ing_de_sw_n_data_final/data/clean/transactions_20251201_clean.parquet'
    )
)

select
    transaction_id,
    customer_id,
    transaction_date as transaction_ts, -- EL TEST PIDE transaction_ts
    transaction_date,                   -- Mantenemos la original por si acaso
    amount,
    status
from source
  );

[0m12:25:10.194444 [debug] [Thread-1 (]: SQL status: OK in 0.002 seconds
[0m12:25:10.197224 [debug] [Thread-1 (]: Using duckdb connection "model.medallion_dbt.stg_transactions"
[0m12:25:10.197410 [debug] [Thread-1 (]: On model.medallion_dbt.stg_transactions: /* {"app": "dbt", "dbt_version": "1.10.15", "profile_name": "medallion_duckdb", "target_name": "dev", "node_id": "model.medallion_dbt.stg_transactions"} */
alter view "medallion"."main"."stg_transactions" rename to "stg_transactions__dbt_backup"
[0m12:25:10.198189 [debug] [Thread-1 (]: SQL status: OK in 0.001 seconds
[0m12:25:10.199558 [debug] [Thread-1 (]: Using duckdb connection "model.medallion_dbt.stg_transactions"
[0m12:25:10.199737 [debug] [Thread-1 (]: On model.medallion_dbt.stg_transactions: /* {"app": "dbt", "dbt_version": "1.10.15", "profile_name": "medallion_duckdb", "target_name": "dev", "node_id": "model.medallion_dbt.stg_transactions"} */
alter view "medallion"."main"."stg_transactions__dbt_tmp" rename to "stg_transactions"
[0m12:25:10.199996 [debug] [Thread-1 (]: SQL status: OK in 0.000 seconds
[0m12:25:10.205418 [debug] [Thread-1 (]: On model.medallion_dbt.stg_transactions: COMMIT
[0m12:25:10.205600 [debug] [Thread-1 (]: Using duckdb connection "model.medallion_dbt.stg_transactions"
[0m12:25:10.205752 [debug] [Thread-1 (]: On model.medallion_dbt.stg_transactions: COMMIT
[0m12:25:10.206389 [debug] [Thread-1 (]: SQL status: OK in 0.000 seconds
[0m12:25:10.208747 [debug] [Thread-1 (]: Using duckdb connection "model.medallion_dbt.stg_transactions"
[0m12:25:10.208924 [debug] [Thread-1 (]: On model.medallion_dbt.stg_transactions: /* {"app": "dbt", "dbt_version": "1.10.15", "profile_name": "medallion_duckdb", "target_name": "dev", "node_id": "model.medallion_dbt.stg_transactions"} */

      drop view if exists "medallion"."main"."stg_transactions__dbt_backup" cascade
    
[0m12:25:10.209243 [debug] [Thread-1 (]: SQL status: OK in 0.000 seconds
[0m12:25:10.210351 [debug] [Thread-1 (]: On model.medallion_dbt.stg_transactions: Close
[0m12:25:10.211266 [debug] [Thread-1 (]: Sending event: {'category': 'dbt', 'action': 'run_model', 'label': '8ad2a591-28b5-46ec-9fd4-fddeb11eb9c2', 'context': [<snowplow_tracker.self_describing_json.SelfDescribingJson object at 0x10e6e49f0>]}
[0m12:25:10.211587 [info ] [Thread-1 (]: 1 of 2 OK created sql view model main.stg_transactions ......................... [[32mOK[0m in 0.04s]
[0m12:25:10.211844 [debug] [Thread-1 (]: Finished running node model.medallion_dbt.stg_transactions
[0m12:25:10.212161 [debug] [Thread-2 (]: Began running node model.medallion_dbt.fct_customer_transactions
[0m12:25:10.212402 [info ] [Thread-2 (]: 2 of 2 START sql table model main.fct_customer_transactions .................... [RUN]
[0m12:25:10.212660 [debug] [Thread-2 (]: Acquiring new duckdb connection 'model.medallion_dbt.fct_customer_transactions'
[0m12:25:10.212825 [debug] [Thread-2 (]: Began compiling node model.medallion_dbt.fct_customer_transactions
[0m12:25:10.214166 [debug] [Thread-2 (]: Writing injected SQL for node "model.medallion_dbt.fct_customer_transactions"
[0m12:25:10.214633 [debug] [Thread-2 (]: Began executing node model.medallion_dbt.fct_customer_transactions
[0m12:25:10.223868 [debug] [Thread-2 (]: Writing runtime sql for node "model.medallion_dbt.fct_customer_transactions"
[0m12:25:10.224261 [debug] [Thread-2 (]: Using duckdb connection "model.medallion_dbt.fct_customer_transactions"
[0m12:25:10.224436 [debug] [Thread-2 (]: On model.medallion_dbt.fct_customer_transactions: BEGIN
[0m12:25:10.224591 [debug] [Thread-2 (]: Opening a new connection, currently in state init
[0m12:25:10.224928 [debug] [Thread-2 (]: SQL status: OK in 0.000 seconds
[0m12:25:10.225079 [debug] [Thread-2 (]: Using duckdb connection "model.medallion_dbt.fct_customer_transactions"
[0m12:25:10.225259 [debug] [Thread-2 (]: On model.medallion_dbt.fct_customer_transactions: /* {"app": "dbt", "dbt_version": "1.10.15", "profile_name": "medallion_duckdb", "target_name": "dev", "node_id": "model.medallion_dbt.fct_customer_transactions"} */

  
    
    

    create  table
      "medallion"."main"."fct_customer_transactions__dbt_tmp"
  
    as (
      with transactions as (
    select * from "medallion"."main"."stg_transactions"
),

customer_stats as (
    select
        customer_id,
        
        -- Métrica 1: Cantidad de transacciones
        count(transaction_id) as transaction_count,
        
        -- Métrica 2: Monto total (todos los estados)
        sum(amount) as total_amount_all,
        
        -- Métrica 3: Monto solo de completados (logica condicional)
        sum(case when status = 'completed' then amount else 0 end) as total_amount_completed,
        
        -- Métrica 4: Última fecha
        max(transaction_ts) as last_transaction_date

    from transactions
    group by customer_id
)

select * from customer_stats
    );
  
  
[0m12:25:10.232699 [debug] [Thread-2 (]: SQL status: OK in 0.007 seconds
[0m12:25:10.235348 [debug] [Thread-2 (]: Using duckdb connection "model.medallion_dbt.fct_customer_transactions"
[0m12:25:10.235535 [debug] [Thread-2 (]: On model.medallion_dbt.fct_customer_transactions: /* {"app": "dbt", "dbt_version": "1.10.15", "profile_name": "medallion_duckdb", "target_name": "dev", "node_id": "model.medallion_dbt.fct_customer_transactions"} */

    SELECT index_name
    FROM duckdb_indexes()
    WHERE schema_name = 'main'
      AND table_name = 'fct_customer_transactions'
  
[0m12:25:10.235927 [debug] [Thread-2 (]: SQL status: OK in 0.000 seconds
[0m12:25:10.236538 [debug] [Thread-2 (]: Using duckdb connection "model.medallion_dbt.fct_customer_transactions"
[0m12:25:10.236706 [debug] [Thread-2 (]: On model.medallion_dbt.fct_customer_transactions: /* {"app": "dbt", "dbt_version": "1.10.15", "profile_name": "medallion_duckdb", "target_name": "dev", "node_id": "model.medallion_dbt.fct_customer_transactions"} */

    SELECT COUNT(*) as remaining_indexes
    FROM duckdb_indexes()
    WHERE schema_name = 'main'
      AND table_name = 'fct_customer_transactions'
  
[0m12:25:10.237096 [debug] [Thread-2 (]: SQL status: OK in 0.000 seconds
[0m12:25:10.238519 [debug] [Thread-2 (]: Using duckdb connection "model.medallion_dbt.fct_customer_transactions"
[0m12:25:10.238700 [debug] [Thread-2 (]: On model.medallion_dbt.fct_customer_transactions: /* {"app": "dbt", "dbt_version": "1.10.15", "profile_name": "medallion_duckdb", "target_name": "dev", "node_id": "model.medallion_dbt.fct_customer_transactions"} */
alter table "medallion"."main"."fct_customer_transactions" rename to "fct_customer_transactions__dbt_backup"
[0m12:25:10.238997 [debug] [Thread-2 (]: SQL status: OK in 0.000 seconds
[0m12:25:10.240137 [debug] [Thread-2 (]: Using duckdb connection "model.medallion_dbt.fct_customer_transactions"
[0m12:25:10.240301 [debug] [Thread-2 (]: On model.medallion_dbt.fct_customer_transactions: /* {"app": "dbt", "dbt_version": "1.10.15", "profile_name": "medallion_duckdb", "target_name": "dev", "node_id": "model.medallion_dbt.fct_customer_transactions"} */
alter table "medallion"."main"."fct_customer_transactions__dbt_tmp" rename to "fct_customer_transactions"
[0m12:25:10.240558 [debug] [Thread-2 (]: SQL status: OK in 0.000 seconds
[0m12:25:10.242697 [debug] [Thread-2 (]: On model.medallion_dbt.fct_customer_transactions: COMMIT
[0m12:25:10.242879 [debug] [Thread-2 (]: Using duckdb connection "model.medallion_dbt.fct_customer_transactions"
[0m12:25:10.243032 [debug] [Thread-2 (]: On model.medallion_dbt.fct_customer_transactions: COMMIT
[0m12:25:10.243387 [debug] [Thread-2 (]: SQL status: OK in 0.000 seconds
[0m12:25:10.244539 [debug] [Thread-2 (]: Using duckdb connection "model.medallion_dbt.fct_customer_transactions"
[0m12:25:10.244705 [debug] [Thread-2 (]: On model.medallion_dbt.fct_customer_transactions: /* {"app": "dbt", "dbt_version": "1.10.15", "profile_name": "medallion_duckdb", "target_name": "dev", "node_id": "model.medallion_dbt.fct_customer_transactions"} */

      drop table if exists "medallion"."main"."fct_customer_transactions__dbt_backup" cascade
    
[0m12:25:10.245044 [debug] [Thread-2 (]: SQL status: OK in 0.000 seconds
[0m12:25:10.245639 [debug] [Thread-2 (]: On model.medallion_dbt.fct_customer_transactions: Close
[0m12:25:10.245881 [debug] [Thread-2 (]: Sending event: {'category': 'dbt', 'action': 'run_model', 'label': '8ad2a591-28b5-46ec-9fd4-fddeb11eb9c2', 'context': [<snowplow_tracker.self_describing_json.SelfDescribingJson object at 0x10e8a6490>]}
[0m12:25:10.246164 [info ] [Thread-2 (]: 2 of 2 OK created sql table model main.fct_customer_transactions ............... [[32mOK[0m in 0.03s]
[0m12:25:10.246404 [debug] [Thread-2 (]: Finished running node model.medallion_dbt.fct_customer_transactions
[0m12:25:10.246990 [debug] [MainThread]: Using duckdb connection "master"
[0m12:25:10.247135 [debug] [MainThread]: On master: BEGIN
[0m12:25:10.247256 [debug] [MainThread]: Opening a new connection, currently in state closed
[0m12:25:10.247469 [debug] [MainThread]: SQL status: OK in 0.000 seconds
[0m12:25:10.247600 [debug] [MainThread]: On master: COMMIT
[0m12:25:10.247721 [debug] [MainThread]: Using duckdb connection "master"
[0m12:25:10.247842 [debug] [MainThread]: On master: COMMIT
[0m12:25:10.248019 [debug] [MainThread]: SQL status: OK in 0.000 seconds
[0m12:25:10.248143 [debug] [MainThread]: On master: Close
[0m12:25:10.248302 [debug] [MainThread]: Connection 'master' was properly closed.
[0m12:25:10.248421 [debug] [MainThread]: Connection 'model.medallion_dbt.stg_transactions' was properly closed.
[0m12:25:10.248528 [debug] [MainThread]: Connection 'model.medallion_dbt.fct_customer_transactions' was properly closed.
[0m12:25:10.248661 [info ] [MainThread]: 
[0m12:25:10.248796 [info ] [MainThread]: Finished running 1 table model, 1 view model in 0 hours 0 minutes and 0.16 seconds (0.16s).
[0m12:25:10.249151 [debug] [MainThread]: Command end result
[0m12:25:10.260315 [debug] [MainThread]: Wrote artifact WritableManifest to /Users/nicolasvelazquez/documents/udesa/ingenieriadatos/examen_ing_de_sw_n_data_final/dbt/target/manifest.json
[0m12:25:10.261178 [debug] [MainThread]: Wrote artifact SemanticManifest to /Users/nicolasvelazquez/documents/udesa/ingenieriadatos/examen_ing_de_sw_n_data_final/dbt/target/semantic_manifest.json
[0m12:25:10.264033 [debug] [MainThread]: Wrote artifact RunExecutionResult to /Users/nicolasvelazquez/documents/udesa/ingenieriadatos/examen_ing_de_sw_n_data_final/dbt/target/run_results.json
[0m12:25:10.264191 [info ] [MainThread]: 
[0m12:25:10.264368 [info ] [MainThread]: [32mCompleted successfully[0m
[0m12:25:10.264507 [info ] [MainThread]: 
[0m12:25:10.264656 [info ] [MainThread]: Done. PASS=2 WARN=0 ERROR=0 SKIP=0 NO-OP=0 TOTAL=2
[0m12:25:10.264898 [warn ] [MainThread]: [[33mWARNING[0m][DeprecationsSummary]: Deprecated functionality
Summary of encountered deprecations:
- MissingArgumentsPropertyInGenericTestDeprecation: 1 occurrence
To see all deprecation instances instead of just the first occurrence of each,
run command again with the `--show-all-deprecations` flag. You may also need to
run with `--no-partial-parse` as some deprecations are only encountered during
parsing.
[0m12:25:10.267100 [debug] [MainThread]: Resource report: {"command_name": "run", "command_success": true, "command_wall_clock_time": 0.8645965, "process_in_blocks": "0", "process_kernel_time": 0.20965, "process_mem_max_rss": "156434432", "process_out_blocks": "0", "process_user_time": 1.263507}
[0m12:25:10.267312 [debug] [MainThread]: Command `dbt run` succeeded at 12:25:10.267274 after 0.86 seconds
[0m12:25:10.267482 [debug] [MainThread]: Sending event: {'category': 'dbt', 'action': 'invocation', 'label': 'end', 'context': [<snowplow_tracker.self_describing_json.SelfDescribingJson object at 0x10df12350>, <snowplow_tracker.self_describing_json.SelfDescribingJson object at 0x10cf87bd0>, <snowplow_tracker.self_describing_json.SelfDescribingJson object at 0x10dd28c20>]}
[0m12:25:10.267644 [debug] [MainThread]: Flushing usage events
[0m12:25:11.201090 [debug] [MainThread]: An error was encountered while trying to flush usage events
[0m12:25:12.678282 [debug] [MainThread]: Sending event: {'category': 'dbt', 'action': 'invocation', 'label': 'start', 'context': [<snowplow_tracker.self_describing_json.SelfDescribingJson object at 0x10a33f8c0>, <snowplow_tracker.self_describing_json.SelfDescribingJson object at 0x10b97b890>, <snowplow_tracker.self_describing_json.SelfDescribingJson object at 0x10b97b9d0>]}


============================== 12:25:12.680596 | 867ae189-93b4-4737-8d49-0c2d9e2f7935 ==============================
[0m12:25:12.680596 [info ] [MainThread]: Running with dbt=1.10.15
[0m12:25:12.680907 [debug] [MainThread]: running dbt with arguments {'version_check': 'True', 'debug': 'False', 'warn_error_options': 'WarnErrorOptionsV2(error=[], warn=[], silence=[])', 'introspect': 'True', 'target_path': 'None', 'write_json': 'True', 'send_anonymous_usage_stats': 'True', 'partial_parse': 'True', 'indirect_selection': 'eager', 'invocation_command': 'dbt test --project-dir /Users/nicolasvelazquez/documents/udesa/ingenieriadatos/examen_ing_de_sw_n_data_final/dbt', 'log_path': '/Users/nicolasvelazquez/documents/udesa/ingenieriadatos/examen_ing_de_sw_n_data_final/dbt/logs', 'no_print': 'None', 'use_experimental_parser': 'False', 'fail_fast': 'False', 'static_parser': 'True', 'warn_error': 'None', 'log_format': 'default', 'printer_width': '80', 'log_cache_events': 'False', 'quiet': 'False', 'cache_selected_only': 'False', 'empty': 'None', 'use_colors': 'True', 'profiles_dir': '/Users/nicolasvelazquez/documents/udesa/ingenieriadatos/examen_ing_de_sw_n_data_final/profiles'}
[0m12:25:12.783256 [debug] [MainThread]: Sending event: {'category': 'dbt', 'action': 'project_id', 'label': '867ae189-93b4-4737-8d49-0c2d9e2f7935', 'context': [<snowplow_tracker.self_describing_json.SelfDescribingJson object at 0x10ac7a060>]}
[0m12:25:12.811296 [debug] [MainThread]: Sending event: {'category': 'dbt', 'action': 'adapter_info', 'label': '867ae189-93b4-4737-8d49-0c2d9e2f7935', 'context': [<snowplow_tracker.self_describing_json.SelfDescribingJson object at 0x10b8af020>]}
[0m12:25:12.812304 [info ] [MainThread]: Registered adapter: duckdb=1.10.0
[0m12:25:12.866334 [debug] [MainThread]: checksum: 14a228079bd6df63ba81633f9a3cf44ecfaa31056ac397c602753ec895dbf885, vars: {}, profile: , target: , version: 1.10.15
[0m12:25:12.918430 [debug] [MainThread]: Partial parsing enabled: 0 files deleted, 0 files added, 0 files changed.
[0m12:25:12.918650 [debug] [MainThread]: Partial parsing enabled, no changes found, skipping parsing
[0m12:25:12.936725 [debug] [MainThread]: Sending event: {'category': 'dbt', 'action': 'load_project', 'label': '867ae189-93b4-4737-8d49-0c2d9e2f7935', 'context': [<snowplow_tracker.self_describing_json.SelfDescribingJson object at 0x10be7df50>]}
[0m12:25:12.970458 [debug] [MainThread]: Wrote artifact WritableManifest to /Users/nicolasvelazquez/documents/udesa/ingenieriadatos/examen_ing_de_sw_n_data_final/dbt/target/manifest.json
[0m12:25:12.971480 [debug] [MainThread]: Wrote artifact SemanticManifest to /Users/nicolasvelazquez/documents/udesa/ingenieriadatos/examen_ing_de_sw_n_data_final/dbt/target/semantic_manifest.json
[0m12:25:12.984321 [debug] [MainThread]: Sending event: {'category': 'dbt', 'action': 'resource_counts', 'label': '867ae189-93b4-4737-8d49-0c2d9e2f7935', 'context': [<snowplow_tracker.self_describing_json.SelfDescribingJson object at 0x10bfa9d60>]}
[0m12:25:12.984553 [info ] [MainThread]: Found 2 models, 16 data tests, 469 macros
[0m12:25:12.984706 [debug] [MainThread]: Sending event: {'category': 'dbt', 'action': 'runnable_timing', 'label': '867ae189-93b4-4737-8d49-0c2d9e2f7935', 'context': [<snowplow_tracker.self_describing_json.SelfDescribingJson object at 0x10c0499b0>]}
[0m12:25:12.985875 [info ] [MainThread]: 
[0m12:25:12.986039 [info ] [MainThread]: Concurrency: 4 threads (target='dev')
[0m12:25:12.986160 [info ] [MainThread]: 
[0m12:25:12.986388 [debug] [MainThread]: Acquiring new duckdb connection 'master'
[0m12:25:12.988807 [debug] [ThreadPool]: Acquiring new duckdb connection 'list_medallion_main'
[0m12:25:13.013845 [debug] [ThreadPool]: Using duckdb connection "list_medallion_main"
[0m12:25:13.014071 [debug] [ThreadPool]: On list_medallion_main: BEGIN
[0m12:25:13.014206 [debug] [ThreadPool]: Opening a new connection, currently in state init
[0m12:25:13.020183 [debug] [ThreadPool]: SQL status: OK in 0.006 seconds
[0m12:25:13.020380 [debug] [ThreadPool]: Using duckdb connection "list_medallion_main"
[0m12:25:13.020541 [debug] [ThreadPool]: On list_medallion_main: /* {"app": "dbt", "dbt_version": "1.10.15", "profile_name": "medallion_duckdb", "target_name": "dev", "connection_name": "list_medallion_main"} */
select
      'medallion' as database,
      table_name as name,
      table_schema as schema,
      CASE table_type
        WHEN 'BASE TABLE' THEN 'table'
        WHEN 'VIEW' THEN 'view'
        WHEN 'LOCAL TEMPORARY' THEN 'table'
        END as type
    from system.information_schema.tables
    where lower(table_schema) = 'main'
    and lower(table_catalog) = 'medallion'
  
[0m12:25:13.025876 [debug] [ThreadPool]: SQL status: OK in 0.005 seconds
[0m12:25:13.026616 [debug] [ThreadPool]: On list_medallion_main: ROLLBACK
[0m12:25:13.027154 [debug] [ThreadPool]: Failed to rollback 'list_medallion_main'
[0m12:25:13.027297 [debug] [ThreadPool]: On list_medallion_main: Close
[0m12:25:13.027770 [debug] [MainThread]: Sending event: {'category': 'dbt', 'action': 'runnable_timing', 'label': '867ae189-93b4-4737-8d49-0c2d9e2f7935', 'context': [<snowplow_tracker.self_describing_json.SelfDescribingJson object at 0x10c3e0870>]}
[0m12:25:13.028029 [debug] [MainThread]: Using duckdb connection "master"
[0m12:25:13.028169 [debug] [MainThread]: On master: BEGIN
[0m12:25:13.028295 [debug] [MainThread]: Opening a new connection, currently in state init
[0m12:25:13.028534 [debug] [MainThread]: SQL status: OK in 0.000 seconds
[0m12:25:13.028662 [debug] [MainThread]: On master: COMMIT
[0m12:25:13.028776 [debug] [MainThread]: Using duckdb connection "master"
[0m12:25:13.028891 [debug] [MainThread]: On master: COMMIT
[0m12:25:13.029071 [debug] [MainThread]: SQL status: OK in 0.000 seconds
[0m12:25:13.029190 [debug] [MainThread]: On master: Close
[0m12:25:13.030270 [debug] [Thread-1 (]: Began running node test.medallion_dbt.accepted_values_stg_transactions_status__completed__pending__failed.e52c83ab26
[0m12:25:13.030470 [info ] [Thread-1 (]: 1 of 16 START test accepted_values_stg_transactions_status__completed__pending__failed  [RUN]
[0m12:25:13.030670 [debug] [Thread-4 (]: Began running node test.medallion_dbt.non_negative_fct_customer_transactions_transaction_count.df8b0df1a4
[0m12:25:13.030854 [debug] [Thread-3 (]: Began running node test.medallion_dbt.non_negative_fct_customer_transactions_total_amount_completed.b85991a428
[0m12:25:13.031049 [debug] [Thread-1 (]: Re-using an available connection from the pool (formerly list_medallion_main, now test.medallion_dbt.accepted_values_stg_transactions_status__completed__pending__failed.e52c83ab26)
[0m12:25:13.031242 [info ] [Thread-4 (]: 4 of 16 START test non_negative_fct_customer_transactions_transaction_count .... [RUN]
[0m12:25:13.031425 [info ] [Thread-3 (]: 3 of 16 START test non_negative_fct_customer_transactions_total_amount_completed  [RUN]
[0m12:25:13.031593 [debug] [Thread-1 (]: Began compiling node test.medallion_dbt.accepted_values_stg_transactions_status__completed__pending__failed.e52c83ab26
[0m12:25:13.031738 [debug] [Thread-2 (]: Began running node test.medallion_dbt.non_negative_fct_customer_transactions_total_amount_all.1032e62a89
[0m12:25:13.031945 [debug] [Thread-4 (]: Acquiring new duckdb connection 'test.medallion_dbt.non_negative_fct_customer_transactions_transaction_count.df8b0df1a4'
[0m12:25:13.032138 [debug] [Thread-3 (]: Acquiring new duckdb connection 'test.medallion_dbt.non_negative_fct_customer_transactions_total_amount_completed.b85991a428'
[0m12:25:13.074386 [debug] [Thread-1 (]: Writing injected SQL for node "test.medallion_dbt.accepted_values_stg_transactions_status__completed__pending__failed.e52c83ab26"
[0m12:25:13.074629 [info ] [Thread-2 (]: 2 of 16 START test non_negative_fct_customer_transactions_total_amount_all ..... [RUN]
[0m12:25:13.074834 [debug] [Thread-4 (]: Began compiling node test.medallion_dbt.non_negative_fct_customer_transactions_transaction_count.df8b0df1a4
[0m12:25:13.074998 [debug] [Thread-3 (]: Began compiling node test.medallion_dbt.non_negative_fct_customer_transactions_total_amount_completed.b85991a428
[0m12:25:13.075293 [debug] [Thread-2 (]: Acquiring new duckdb connection 'test.medallion_dbt.non_negative_fct_customer_transactions_total_amount_all.1032e62a89'
[0m12:25:13.077460 [debug] [Thread-4 (]: Writing injected SQL for node "test.medallion_dbt.non_negative_fct_customer_transactions_transaction_count.df8b0df1a4"
[0m12:25:13.078972 [debug] [Thread-3 (]: Writing injected SQL for node "test.medallion_dbt.non_negative_fct_customer_transactions_total_amount_completed.b85991a428"
[0m12:25:13.079190 [debug] [Thread-2 (]: Began compiling node test.medallion_dbt.non_negative_fct_customer_transactions_total_amount_all.1032e62a89
[0m12:25:13.079463 [debug] [Thread-1 (]: Began executing node test.medallion_dbt.accepted_values_stg_transactions_status__completed__pending__failed.e52c83ab26
[0m12:25:13.081263 [debug] [Thread-2 (]: Writing injected SQL for node "test.medallion_dbt.non_negative_fct_customer_transactions_total_amount_all.1032e62a89"
[0m12:25:13.090070 [debug] [Thread-1 (]: Writing runtime sql for node "test.medallion_dbt.accepted_values_stg_transactions_status__completed__pending__failed.e52c83ab26"
[0m12:25:13.090319 [debug] [Thread-4 (]: Began executing node test.medallion_dbt.non_negative_fct_customer_transactions_transaction_count.df8b0df1a4
[0m12:25:13.091568 [debug] [Thread-4 (]: Writing runtime sql for node "test.medallion_dbt.non_negative_fct_customer_transactions_transaction_count.df8b0df1a4"
[0m12:25:13.091810 [debug] [Thread-3 (]: Began executing node test.medallion_dbt.non_negative_fct_customer_transactions_total_amount_completed.b85991a428
[0m12:25:13.092667 [debug] [Thread-3 (]: Writing runtime sql for node "test.medallion_dbt.non_negative_fct_customer_transactions_total_amount_completed.b85991a428"
[0m12:25:13.092938 [debug] [Thread-1 (]: Using duckdb connection "test.medallion_dbt.accepted_values_stg_transactions_status__completed__pending__failed.e52c83ab26"
[0m12:25:13.093122 [debug] [Thread-1 (]: On test.medallion_dbt.accepted_values_stg_transactions_status__completed__pending__failed.e52c83ab26: BEGIN
[0m12:25:13.093280 [debug] [Thread-1 (]: Opening a new connection, currently in state closed
[0m12:25:13.093657 [debug] [Thread-1 (]: SQL status: OK in 0.000 seconds
[0m12:25:13.093848 [debug] [Thread-4 (]: Using duckdb connection "test.medallion_dbt.non_negative_fct_customer_transactions_transaction_count.df8b0df1a4"
[0m12:25:13.094037 [debug] [Thread-3 (]: Using duckdb connection "test.medallion_dbt.non_negative_fct_customer_transactions_total_amount_completed.b85991a428"
[0m12:25:13.094190 [debug] [Thread-2 (]: Began executing node test.medallion_dbt.non_negative_fct_customer_transactions_total_amount_all.1032e62a89
[0m12:25:13.094345 [debug] [Thread-1 (]: Using duckdb connection "test.medallion_dbt.accepted_values_stg_transactions_status__completed__pending__failed.e52c83ab26"
[0m12:25:13.094506 [debug] [Thread-4 (]: On test.medallion_dbt.non_negative_fct_customer_transactions_transaction_count.df8b0df1a4: BEGIN
[0m12:25:13.094666 [debug] [Thread-3 (]: On test.medallion_dbt.non_negative_fct_customer_transactions_total_amount_completed.b85991a428: BEGIN
[0m12:25:13.095674 [debug] [Thread-2 (]: Writing runtime sql for node "test.medallion_dbt.non_negative_fct_customer_transactions_total_amount_all.1032e62a89"
[0m12:25:13.095882 [debug] [Thread-1 (]: On test.medallion_dbt.accepted_values_stg_transactions_status__completed__pending__failed.e52c83ab26: /* {"app": "dbt", "dbt_version": "1.10.15", "profile_name": "medallion_duckdb", "target_name": "dev", "node_id": "test.medallion_dbt.accepted_values_stg_transactions_status__completed__pending__failed.e52c83ab26"} */

    select
      count(*) as failures,
      count(*) != 0 as should_warn,
      count(*) != 0 as should_error
    from (
      
    
  
    
    

with all_values as (

    select
        status as value_field,
        count(*) as n_records

    from "medallion"."main"."stg_transactions"
    group by status

)

select *
from all_values
where value_field not in (
    'completed','pending','failed'
)



  
  
      
    ) dbt_internal_test
[0m12:25:13.096072 [debug] [Thread-4 (]: Opening a new connection, currently in state init
[0m12:25:13.096225 [debug] [Thread-3 (]: Opening a new connection, currently in state init
[0m12:25:13.096657 [debug] [Thread-4 (]: SQL status: OK in 0.001 seconds
[0m12:25:13.096858 [debug] [Thread-2 (]: Using duckdb connection "test.medallion_dbt.non_negative_fct_customer_transactions_total_amount_all.1032e62a89"
[0m12:25:13.097024 [debug] [Thread-4 (]: Using duckdb connection "test.medallion_dbt.non_negative_fct_customer_transactions_transaction_count.df8b0df1a4"
[0m12:25:13.097206 [debug] [Thread-3 (]: SQL status: OK in 0.001 seconds
[0m12:25:13.097378 [debug] [Thread-2 (]: On test.medallion_dbt.non_negative_fct_customer_transactions_total_amount_all.1032e62a89: BEGIN
[0m12:25:13.097572 [debug] [Thread-4 (]: On test.medallion_dbt.non_negative_fct_customer_transactions_transaction_count.df8b0df1a4: /* {"app": "dbt", "dbt_version": "1.10.15", "profile_name": "medallion_duckdb", "target_name": "dev", "node_id": "test.medallion_dbt.non_negative_fct_customer_transactions_transaction_count.df8b0df1a4"} */

    select
      count(*) as failures,
      count(*) != 0 as should_warn,
      count(*) != 0 as should_error
    from (
      
    
  

-- TODO: Implementar el test para verificar que los valores en la columna son no negativos y no nulos.

select
    transaction_count
from "medallion"."main"."fct_customer_transactions"
where transaction_count < 0 or transaction_count is null


  
  
      
    ) dbt_internal_test
[0m12:25:13.097765 [debug] [Thread-3 (]: Using duckdb connection "test.medallion_dbt.non_negative_fct_customer_transactions_total_amount_completed.b85991a428"
[0m12:25:13.097938 [debug] [Thread-1 (]: SQL status: OK in 0.002 seconds
[0m12:25:13.098080 [debug] [Thread-2 (]: Opening a new connection, currently in state init
[0m12:25:13.098314 [debug] [Thread-3 (]: On test.medallion_dbt.non_negative_fct_customer_transactions_total_amount_completed.b85991a428: /* {"app": "dbt", "dbt_version": "1.10.15", "profile_name": "medallion_duckdb", "target_name": "dev", "node_id": "test.medallion_dbt.non_negative_fct_customer_transactions_total_amount_completed.b85991a428"} */

    select
      count(*) as failures,
      count(*) != 0 as should_warn,
      count(*) != 0 as should_error
    from (
      
    
  

-- TODO: Implementar el test para verificar que los valores en la columna son no negativos y no nulos.

select
    total_amount_completed
from "medallion"."main"."fct_customer_transactions"
where total_amount_completed < 0 or total_amount_completed is null


  
  
      
    ) dbt_internal_test
[0m12:25:13.098584 [debug] [Thread-4 (]: SQL status: OK in 0.000 seconds
[0m12:25:13.100608 [debug] [Thread-1 (]: On test.medallion_dbt.accepted_values_stg_transactions_status__completed__pending__failed.e52c83ab26: ROLLBACK
[0m12:25:13.100809 [debug] [Thread-2 (]: SQL status: OK in 0.003 seconds
[0m12:25:13.101551 [debug] [Thread-4 (]: On test.medallion_dbt.non_negative_fct_customer_transactions_transaction_count.df8b0df1a4: ROLLBACK
[0m12:25:13.101873 [debug] [Thread-1 (]: Failed to rollback 'test.medallion_dbt.accepted_values_stg_transactions_status__completed__pending__failed.e52c83ab26'
[0m12:25:13.102061 [debug] [Thread-2 (]: Using duckdb connection "test.medallion_dbt.non_negative_fct_customer_transactions_total_amount_all.1032e62a89"
[0m12:25:13.102225 [debug] [Thread-3 (]: SQL status: OK in 0.001 seconds
[0m12:25:13.102483 [debug] [Thread-4 (]: Failed to rollback 'test.medallion_dbt.non_negative_fct_customer_transactions_transaction_count.df8b0df1a4'
[0m12:25:13.102642 [debug] [Thread-1 (]: On test.medallion_dbt.accepted_values_stg_transactions_status__completed__pending__failed.e52c83ab26: Close
[0m12:25:13.102823 [debug] [Thread-2 (]: On test.medallion_dbt.non_negative_fct_customer_transactions_total_amount_all.1032e62a89: /* {"app": "dbt", "dbt_version": "1.10.15", "profile_name": "medallion_duckdb", "target_name": "dev", "node_id": "test.medallion_dbt.non_negative_fct_customer_transactions_total_amount_all.1032e62a89"} */

    select
      count(*) as failures,
      count(*) != 0 as should_warn,
      count(*) != 0 as should_error
    from (
      
    
  

-- TODO: Implementar el test para verificar que los valores en la columna son no negativos y no nulos.

select
    total_amount_all
from "medallion"."main"."fct_customer_transactions"
where total_amount_all < 0 or total_amount_all is null


  
  
      
    ) dbt_internal_test
[0m12:25:13.103484 [debug] [Thread-3 (]: On test.medallion_dbt.non_negative_fct_customer_transactions_total_amount_completed.b85991a428: ROLLBACK
[0m12:25:13.103642 [debug] [Thread-4 (]: On test.medallion_dbt.non_negative_fct_customer_transactions_transaction_count.df8b0df1a4: Close
[0m12:25:13.103933 [info ] [Thread-1 (]: 1 of 16 PASS accepted_values_stg_transactions_status__completed__pending__failed  [[32mPASS[0m in 0.07s]
[0m12:25:13.104297 [debug] [Thread-3 (]: Failed to rollback 'test.medallion_dbt.non_negative_fct_customer_transactions_total_amount_completed.b85991a428'
[0m12:25:13.104784 [debug] [Thread-1 (]: Finished running node test.medallion_dbt.accepted_values_stg_transactions_status__completed__pending__failed.e52c83ab26
[0m12:25:13.104940 [debug] [Thread-2 (]: SQL status: OK in 0.001 seconds
[0m12:25:13.104561 [info ] [Thread-4 (]: 4 of 16 PASS non_negative_fct_customer_transactions_transaction_count .......... [[32mPASS[0m in 0.07s]
[0m12:25:13.105130 [debug] [Thread-3 (]: On test.medallion_dbt.non_negative_fct_customer_transactions_total_amount_completed.b85991a428: Close
[0m12:25:13.105305 [debug] [Thread-1 (]: Began running node test.medallion_dbt.non_negative_stg_transactions_amount.cc30daf733
[0m12:25:13.105967 [debug] [Thread-2 (]: On test.medallion_dbt.non_negative_fct_customer_transactions_total_amount_all.1032e62a89: ROLLBACK
[0m12:25:13.106190 [debug] [Thread-4 (]: Finished running node test.medallion_dbt.non_negative_fct_customer_transactions_transaction_count.df8b0df1a4
[0m12:25:13.106438 [info ] [Thread-3 (]: 3 of 16 PASS non_negative_fct_customer_transactions_total_amount_completed ..... [[32mPASS[0m in 0.07s]
[0m12:25:13.106617 [info ] [Thread-1 (]: 5 of 16 START test non_negative_stg_transactions_amount ........................ [RUN]
[0m12:25:13.106901 [debug] [Thread-2 (]: Failed to rollback 'test.medallion_dbt.non_negative_fct_customer_transactions_total_amount_all.1032e62a89'
[0m12:25:13.107076 [debug] [Thread-4 (]: Began running node test.medallion_dbt.not_null_fct_customer_transactions_customer_id.8253bbdb2c
[0m12:25:13.107320 [debug] [Thread-3 (]: Finished running node test.medallion_dbt.non_negative_fct_customer_transactions_total_amount_completed.b85991a428
[0m12:25:13.107515 [debug] [Thread-1 (]: Re-using an available connection from the pool (formerly test.medallion_dbt.accepted_values_stg_transactions_status__completed__pending__failed.e52c83ab26, now test.medallion_dbt.non_negative_stg_transactions_amount.cc30daf733)
[0m12:25:13.107677 [debug] [Thread-2 (]: On test.medallion_dbt.non_negative_fct_customer_transactions_total_amount_all.1032e62a89: Close
[0m12:25:13.107839 [info ] [Thread-4 (]: 6 of 16 START test not_null_fct_customer_transactions_customer_id .............. [RUN]
[0m12:25:13.108028 [debug] [Thread-3 (]: Began running node test.medallion_dbt.not_null_fct_customer_transactions_total_amount_all.0a661a703f
[0m12:25:13.108195 [debug] [Thread-1 (]: Began compiling node test.medallion_dbt.non_negative_stg_transactions_amount.cc30daf733
[0m12:25:13.108563 [debug] [Thread-4 (]: Re-using an available connection from the pool (formerly test.medallion_dbt.non_negative_fct_customer_transactions_transaction_count.df8b0df1a4, now test.medallion_dbt.not_null_fct_customer_transactions_customer_id.8253bbdb2c)
[0m12:25:13.108424 [info ] [Thread-2 (]: 2 of 16 PASS non_negative_fct_customer_transactions_total_amount_all ........... [[32mPASS[0m in 0.03s]
[0m12:25:13.110412 [debug] [Thread-1 (]: Writing injected SQL for node "test.medallion_dbt.non_negative_stg_transactions_amount.cc30daf733"
[0m12:25:13.108765 [info ] [Thread-3 (]: 7 of 16 START test not_null_fct_customer_transactions_total_amount_all ......... [RUN]
[0m12:25:13.110642 [debug] [Thread-4 (]: Began compiling node test.medallion_dbt.not_null_fct_customer_transactions_customer_id.8253bbdb2c
[0m12:25:13.110869 [debug] [Thread-2 (]: Finished running node test.medallion_dbt.non_negative_fct_customer_transactions_total_amount_all.1032e62a89
[0m12:25:13.111064 [debug] [Thread-3 (]: Re-using an available connection from the pool (formerly test.medallion_dbt.non_negative_fct_customer_transactions_total_amount_completed.b85991a428, now test.medallion_dbt.not_null_fct_customer_transactions_total_amount_all.0a661a703f)
[0m12:25:13.114124 [debug] [Thread-4 (]: Writing injected SQL for node "test.medallion_dbt.not_null_fct_customer_transactions_customer_id.8253bbdb2c"
[0m12:25:13.114340 [debug] [Thread-2 (]: Began running node test.medallion_dbt.not_null_fct_customer_transactions_total_amount_completed.989f790418
[0m12:25:13.114544 [debug] [Thread-3 (]: Began compiling node test.medallion_dbt.not_null_fct_customer_transactions_total_amount_all.0a661a703f
[0m12:25:13.114756 [debug] [Thread-1 (]: Began executing node test.medallion_dbt.non_negative_stg_transactions_amount.cc30daf733
[0m12:25:13.114944 [info ] [Thread-2 (]: 8 of 16 START test not_null_fct_customer_transactions_total_amount_completed ... [RUN]
[0m12:25:13.115152 [debug] [Thread-4 (]: Began executing node test.medallion_dbt.not_null_fct_customer_transactions_customer_id.8253bbdb2c
[0m12:25:13.116726 [debug] [Thread-3 (]: Writing injected SQL for node "test.medallion_dbt.not_null_fct_customer_transactions_total_amount_all.0a661a703f"
[0m12:25:13.117589 [debug] [Thread-1 (]: Writing runtime sql for node "test.medallion_dbt.non_negative_stg_transactions_amount.cc30daf733"
[0m12:25:13.117775 [debug] [Thread-2 (]: Re-using an available connection from the pool (formerly test.medallion_dbt.non_negative_fct_customer_transactions_total_amount_all.1032e62a89, now test.medallion_dbt.not_null_fct_customer_transactions_total_amount_completed.989f790418)
[0m12:25:13.118833 [debug] [Thread-4 (]: Writing runtime sql for node "test.medallion_dbt.not_null_fct_customer_transactions_customer_id.8253bbdb2c"
[0m12:25:13.119068 [debug] [Thread-2 (]: Began compiling node test.medallion_dbt.not_null_fct_customer_transactions_total_amount_completed.989f790418
[0m12:25:13.120690 [debug] [Thread-2 (]: Writing injected SQL for node "test.medallion_dbt.not_null_fct_customer_transactions_total_amount_completed.989f790418"
[0m12:25:13.120972 [debug] [Thread-1 (]: Using duckdb connection "test.medallion_dbt.non_negative_stg_transactions_amount.cc30daf733"
[0m12:25:13.121145 [debug] [Thread-1 (]: On test.medallion_dbt.non_negative_stg_transactions_amount.cc30daf733: BEGIN
[0m12:25:13.121315 [debug] [Thread-3 (]: Began executing node test.medallion_dbt.not_null_fct_customer_transactions_total_amount_all.0a661a703f
[0m12:25:13.121473 [debug] [Thread-1 (]: Opening a new connection, currently in state closed
[0m12:25:13.122545 [debug] [Thread-3 (]: Writing runtime sql for node "test.medallion_dbt.not_null_fct_customer_transactions_total_amount_all.0a661a703f"
[0m12:25:13.122766 [debug] [Thread-2 (]: Began executing node test.medallion_dbt.not_null_fct_customer_transactions_total_amount_completed.989f790418
[0m12:25:13.123032 [debug] [Thread-4 (]: Using duckdb connection "test.medallion_dbt.not_null_fct_customer_transactions_customer_id.8253bbdb2c"
[0m12:25:13.123935 [debug] [Thread-2 (]: Writing runtime sql for node "test.medallion_dbt.not_null_fct_customer_transactions_total_amount_completed.989f790418"
[0m12:25:13.124103 [debug] [Thread-1 (]: SQL status: OK in 0.003 seconds
[0m12:25:13.124270 [debug] [Thread-4 (]: On test.medallion_dbt.not_null_fct_customer_transactions_customer_id.8253bbdb2c: BEGIN
[0m12:25:13.124517 [debug] [Thread-3 (]: Using duckdb connection "test.medallion_dbt.not_null_fct_customer_transactions_total_amount_all.0a661a703f"
[0m12:25:13.124678 [debug] [Thread-1 (]: Using duckdb connection "test.medallion_dbt.non_negative_stg_transactions_amount.cc30daf733"
[0m12:25:13.124832 [debug] [Thread-4 (]: Opening a new connection, currently in state closed
[0m12:25:13.124996 [debug] [Thread-3 (]: On test.medallion_dbt.not_null_fct_customer_transactions_total_amount_all.0a661a703f: BEGIN
[0m12:25:13.125172 [debug] [Thread-1 (]: On test.medallion_dbt.non_negative_stg_transactions_amount.cc30daf733: /* {"app": "dbt", "dbt_version": "1.10.15", "profile_name": "medallion_duckdb", "target_name": "dev", "node_id": "test.medallion_dbt.non_negative_stg_transactions_amount.cc30daf733"} */

    select
      count(*) as failures,
      count(*) != 0 as should_warn,
      count(*) != 0 as should_error
    from (
      
    
  

-- TODO: Implementar el test para verificar que los valores en la columna son no negativos y no nulos.

select
    amount
from "medallion"."main"."stg_transactions"
where amount < 0 or amount is null


  
  
      
    ) dbt_internal_test
[0m12:25:13.125420 [debug] [Thread-2 (]: Using duckdb connection "test.medallion_dbt.not_null_fct_customer_transactions_total_amount_completed.989f790418"
[0m12:25:13.125577 [debug] [Thread-3 (]: Opening a new connection, currently in state closed
[0m12:25:13.125729 [debug] [Thread-4 (]: SQL status: OK in 0.001 seconds
[0m12:25:13.125938 [debug] [Thread-2 (]: On test.medallion_dbt.not_null_fct_customer_transactions_total_amount_completed.989f790418: BEGIN
[0m12:25:13.126144 [debug] [Thread-4 (]: Using duckdb connection "test.medallion_dbt.not_null_fct_customer_transactions_customer_id.8253bbdb2c"
[0m12:25:13.126305 [debug] [Thread-2 (]: Opening a new connection, currently in state closed
[0m12:25:13.126469 [debug] [Thread-3 (]: SQL status: OK in 0.001 seconds
[0m12:25:13.126627 [debug] [Thread-4 (]: On test.medallion_dbt.not_null_fct_customer_transactions_customer_id.8253bbdb2c: /* {"app": "dbt", "dbt_version": "1.10.15", "profile_name": "medallion_duckdb", "target_name": "dev", "node_id": "test.medallion_dbt.not_null_fct_customer_transactions_customer_id.8253bbdb2c"} */

    select
      count(*) as failures,
      count(*) != 0 as should_warn,
      count(*) != 0 as should_error
    from (
      
    
  
    
    



select customer_id
from "medallion"."main"."fct_customer_transactions"
where customer_id is null



  
  
      
    ) dbt_internal_test
[0m12:25:13.126790 [debug] [Thread-1 (]: SQL status: OK in 0.001 seconds
[0m12:25:13.127003 [debug] [Thread-3 (]: Using duckdb connection "test.medallion_dbt.not_null_fct_customer_transactions_total_amount_all.0a661a703f"
[0m12:25:13.127223 [debug] [Thread-2 (]: SQL status: OK in 0.001 seconds
[0m12:25:13.127416 [debug] [Thread-3 (]: On test.medallion_dbt.not_null_fct_customer_transactions_total_amount_all.0a661a703f: /* {"app": "dbt", "dbt_version": "1.10.15", "profile_name": "medallion_duckdb", "target_name": "dev", "node_id": "test.medallion_dbt.not_null_fct_customer_transactions_total_amount_all.0a661a703f"} */

    select
      count(*) as failures,
      count(*) != 0 as should_warn,
      count(*) != 0 as should_error
    from (
      
    
  
    
    



select total_amount_all
from "medallion"."main"."fct_customer_transactions"
where total_amount_all is null



  
  
      
    ) dbt_internal_test
[0m12:25:13.128107 [debug] [Thread-1 (]: On test.medallion_dbt.non_negative_stg_transactions_amount.cc30daf733: ROLLBACK
[0m12:25:13.128270 [debug] [Thread-2 (]: Using duckdb connection "test.medallion_dbt.not_null_fct_customer_transactions_total_amount_completed.989f790418"
[0m12:25:13.128424 [debug] [Thread-4 (]: SQL status: OK in 0.001 seconds
[0m12:25:13.128772 [debug] [Thread-1 (]: Failed to rollback 'test.medallion_dbt.non_negative_stg_transactions_amount.cc30daf733'
[0m12:25:13.128950 [debug] [Thread-2 (]: On test.medallion_dbt.not_null_fct_customer_transactions_total_amount_completed.989f790418: /* {"app": "dbt", "dbt_version": "1.10.15", "profile_name": "medallion_duckdb", "target_name": "dev", "node_id": "test.medallion_dbt.not_null_fct_customer_transactions_total_amount_completed.989f790418"} */

    select
      count(*) as failures,
      count(*) != 0 as should_warn,
      count(*) != 0 as should_error
    from (
      
    
  
    
    



select total_amount_completed
from "medallion"."main"."fct_customer_transactions"
where total_amount_completed is null



  
  
      
    ) dbt_internal_test
[0m12:25:13.129146 [debug] [Thread-3 (]: SQL status: OK in 0.001 seconds
[0m12:25:13.129763 [debug] [Thread-4 (]: On test.medallion_dbt.not_null_fct_customer_transactions_customer_id.8253bbdb2c: ROLLBACK
[0m12:25:13.129915 [debug] [Thread-1 (]: On test.medallion_dbt.non_negative_stg_transactions_amount.cc30daf733: Close
[0m12:25:13.130603 [debug] [Thread-3 (]: On test.medallion_dbt.not_null_fct_customer_transactions_total_amount_all.0a661a703f: ROLLBACK
[0m12:25:13.130857 [debug] [Thread-4 (]: Failed to rollback 'test.medallion_dbt.not_null_fct_customer_transactions_customer_id.8253bbdb2c'
[0m12:25:13.131294 [debug] [Thread-2 (]: SQL status: OK in 0.001 seconds
[0m12:25:13.131136 [info ] [Thread-1 (]: 5 of 16 PASS non_negative_stg_transactions_amount .............................. [[32mPASS[0m in 0.02s]
[0m12:25:13.131563 [debug] [Thread-3 (]: Failed to rollback 'test.medallion_dbt.not_null_fct_customer_transactions_total_amount_all.0a661a703f'
[0m12:25:13.131711 [debug] [Thread-4 (]: On test.medallion_dbt.not_null_fct_customer_transactions_customer_id.8253bbdb2c: Close
[0m12:25:13.132326 [debug] [Thread-2 (]: On test.medallion_dbt.not_null_fct_customer_transactions_total_amount_completed.989f790418: ROLLBACK
[0m12:25:13.132556 [debug] [Thread-1 (]: Finished running node test.medallion_dbt.non_negative_stg_transactions_amount.cc30daf733
[0m12:25:13.132718 [debug] [Thread-3 (]: On test.medallion_dbt.not_null_fct_customer_transactions_total_amount_all.0a661a703f: Close
[0m12:25:13.132961 [info ] [Thread-4 (]: 6 of 16 PASS not_null_fct_customer_transactions_customer_id .................... [[32mPASS[0m in 0.02s]
[0m12:25:13.133233 [debug] [Thread-2 (]: Failed to rollback 'test.medallion_dbt.not_null_fct_customer_transactions_total_amount_completed.989f790418'
[0m12:25:13.133413 [debug] [Thread-1 (]: Began running node test.medallion_dbt.not_null_fct_customer_transactions_transaction_count.7466a4c02e
[0m12:25:13.133681 [info ] [Thread-3 (]: 7 of 16 PASS not_null_fct_customer_transactions_total_amount_all ............... [[32mPASS[0m in 0.02s]
[0m12:25:13.133917 [debug] [Thread-4 (]: Finished running node test.medallion_dbt.not_null_fct_customer_transactions_customer_id.8253bbdb2c
[0m12:25:13.134079 [debug] [Thread-2 (]: On test.medallion_dbt.not_null_fct_customer_transactions_total_amount_completed.989f790418: Close
[0m12:25:13.134437 [debug] [Thread-3 (]: Finished running node test.medallion_dbt.not_null_fct_customer_transactions_total_amount_all.0a661a703f
[0m12:25:13.134241 [info ] [Thread-1 (]: 9 of 16 START test not_null_fct_customer_transactions_transaction_count ........ [RUN]
[0m12:25:13.134635 [debug] [Thread-4 (]: Began running node test.medallion_dbt.not_null_stg_transactions_amount.3629b5421e
[0m12:25:13.134875 [info ] [Thread-2 (]: 8 of 16 PASS not_null_fct_customer_transactions_total_amount_completed ......... [[32mPASS[0m in 0.02s]
[0m12:25:13.135048 [debug] [Thread-3 (]: Began running node test.medallion_dbt.not_null_stg_transactions_customer_id.ea7b0d99bf
[0m12:25:13.135226 [debug] [Thread-1 (]: Re-using an available connection from the pool (formerly test.medallion_dbt.non_negative_stg_transactions_amount.cc30daf733, now test.medallion_dbt.not_null_fct_customer_transactions_transaction_count.7466a4c02e)
[0m12:25:13.135585 [debug] [Thread-2 (]: Finished running node test.medallion_dbt.not_null_fct_customer_transactions_total_amount_completed.989f790418
[0m12:25:13.135388 [info ] [Thread-4 (]: 10 of 16 START test not_null_stg_transactions_amount ........................... [RUN]
[0m12:25:13.135909 [debug] [Thread-1 (]: Began compiling node test.medallion_dbt.not_null_fct_customer_transactions_transaction_count.7466a4c02e
[0m12:25:13.135780 [info ] [Thread-3 (]: 11 of 16 START test not_null_stg_transactions_customer_id ...................... [RUN]
[0m12:25:13.136107 [debug] [Thread-2 (]: Began running node test.medallion_dbt.not_null_stg_transactions_status.c7c2fec875
[0m12:25:13.136272 [debug] [Thread-4 (]: Re-using an available connection from the pool (formerly test.medallion_dbt.not_null_fct_customer_transactions_customer_id.8253bbdb2c, now test.medallion_dbt.not_null_stg_transactions_amount.3629b5421e)
[0m12:25:13.137936 [debug] [Thread-1 (]: Writing injected SQL for node "test.medallion_dbt.not_null_fct_customer_transactions_transaction_count.7466a4c02e"
[0m12:25:13.138130 [debug] [Thread-3 (]: Re-using an available connection from the pool (formerly test.medallion_dbt.not_null_fct_customer_transactions_total_amount_all.0a661a703f, now test.medallion_dbt.not_null_stg_transactions_customer_id.ea7b0d99bf)
[0m12:25:13.138447 [debug] [Thread-4 (]: Began compiling node test.medallion_dbt.not_null_stg_transactions_amount.3629b5421e
[0m12:25:13.138308 [info ] [Thread-2 (]: 12 of 16 START test not_null_stg_transactions_status ........................... [RUN]
[0m12:25:13.138671 [debug] [Thread-3 (]: Began compiling node test.medallion_dbt.not_null_stg_transactions_customer_id.ea7b0d99bf
[0m12:25:13.140504 [debug] [Thread-4 (]: Writing injected SQL for node "test.medallion_dbt.not_null_stg_transactions_amount.3629b5421e"
[0m12:25:13.140702 [debug] [Thread-2 (]: Re-using an available connection from the pool (formerly test.medallion_dbt.not_null_fct_customer_transactions_total_amount_completed.989f790418, now test.medallion_dbt.not_null_stg_transactions_status.c7c2fec875)
[0m12:25:13.142270 [debug] [Thread-3 (]: Writing injected SQL for node "test.medallion_dbt.not_null_stg_transactions_customer_id.ea7b0d99bf"
[0m12:25:13.142522 [debug] [Thread-1 (]: Began executing node test.medallion_dbt.not_null_fct_customer_transactions_transaction_count.7466a4c02e
[0m12:25:13.142678 [debug] [Thread-2 (]: Began compiling node test.medallion_dbt.not_null_stg_transactions_status.c7c2fec875
[0m12:25:13.142863 [debug] [Thread-4 (]: Began executing node test.medallion_dbt.not_null_stg_transactions_amount.3629b5421e
[0m12:25:13.143928 [debug] [Thread-1 (]: Writing runtime sql for node "test.medallion_dbt.not_null_fct_customer_transactions_transaction_count.7466a4c02e"
[0m12:25:13.145454 [debug] [Thread-2 (]: Writing injected SQL for node "test.medallion_dbt.not_null_stg_transactions_status.c7c2fec875"
[0m12:25:13.146320 [debug] [Thread-4 (]: Writing runtime sql for node "test.medallion_dbt.not_null_stg_transactions_amount.3629b5421e"
[0m12:25:13.146549 [debug] [Thread-3 (]: Began executing node test.medallion_dbt.not_null_stg_transactions_customer_id.ea7b0d99bf
[0m12:25:13.147649 [debug] [Thread-3 (]: Writing runtime sql for node "test.medallion_dbt.not_null_stg_transactions_customer_id.ea7b0d99bf"
[0m12:25:13.147931 [debug] [Thread-1 (]: Using duckdb connection "test.medallion_dbt.not_null_fct_customer_transactions_transaction_count.7466a4c02e"
[0m12:25:13.148118 [debug] [Thread-4 (]: Using duckdb connection "test.medallion_dbt.not_null_stg_transactions_amount.3629b5421e"
[0m12:25:13.148285 [debug] [Thread-1 (]: On test.medallion_dbt.not_null_fct_customer_transactions_transaction_count.7466a4c02e: BEGIN
[0m12:25:13.148457 [debug] [Thread-2 (]: Began executing node test.medallion_dbt.not_null_stg_transactions_status.c7c2fec875
[0m12:25:13.148613 [debug] [Thread-4 (]: On test.medallion_dbt.not_null_stg_transactions_amount.3629b5421e: BEGIN
[0m12:25:13.148780 [debug] [Thread-1 (]: Opening a new connection, currently in state closed
[0m12:25:13.148950 [debug] [Thread-3 (]: Using duckdb connection "test.medallion_dbt.not_null_stg_transactions_customer_id.ea7b0d99bf"
[0m12:25:13.149761 [debug] [Thread-2 (]: Writing runtime sql for node "test.medallion_dbt.not_null_stg_transactions_status.c7c2fec875"
[0m12:25:13.149923 [debug] [Thread-4 (]: Opening a new connection, currently in state closed
[0m12:25:13.150153 [debug] [Thread-3 (]: On test.medallion_dbt.not_null_stg_transactions_customer_id.ea7b0d99bf: BEGIN
[0m12:25:13.150338 [debug] [Thread-1 (]: SQL status: OK in 0.002 seconds
[0m12:25:13.150561 [debug] [Thread-3 (]: Opening a new connection, currently in state closed
[0m12:25:13.150725 [debug] [Thread-1 (]: Using duckdb connection "test.medallion_dbt.not_null_fct_customer_transactions_transaction_count.7466a4c02e"
[0m12:25:13.150901 [debug] [Thread-2 (]: Using duckdb connection "test.medallion_dbt.not_null_stg_transactions_status.c7c2fec875"
[0m12:25:13.151060 [debug] [Thread-4 (]: SQL status: OK in 0.001 seconds
[0m12:25:13.151266 [debug] [Thread-1 (]: On test.medallion_dbt.not_null_fct_customer_transactions_transaction_count.7466a4c02e: /* {"app": "dbt", "dbt_version": "1.10.15", "profile_name": "medallion_duckdb", "target_name": "dev", "node_id": "test.medallion_dbt.not_null_fct_customer_transactions_transaction_count.7466a4c02e"} */

    select
      count(*) as failures,
      count(*) != 0 as should_warn,
      count(*) != 0 as should_error
    from (
      
    
  
    
    



select transaction_count
from "medallion"."main"."fct_customer_transactions"
where transaction_count is null



  
  
      
    ) dbt_internal_test
[0m12:25:13.151438 [debug] [Thread-2 (]: On test.medallion_dbt.not_null_stg_transactions_status.c7c2fec875: BEGIN
[0m12:25:13.151587 [debug] [Thread-3 (]: SQL status: OK in 0.001 seconds
[0m12:25:13.151726 [debug] [Thread-4 (]: Using duckdb connection "test.medallion_dbt.not_null_stg_transactions_amount.3629b5421e"
[0m12:25:13.151938 [debug] [Thread-2 (]: Opening a new connection, currently in state closed
[0m12:25:13.152104 [debug] [Thread-3 (]: Using duckdb connection "test.medallion_dbt.not_null_stg_transactions_customer_id.ea7b0d99bf"
[0m12:25:13.152286 [debug] [Thread-4 (]: On test.medallion_dbt.not_null_stg_transactions_amount.3629b5421e: /* {"app": "dbt", "dbt_version": "1.10.15", "profile_name": "medallion_duckdb", "target_name": "dev", "node_id": "test.medallion_dbt.not_null_stg_transactions_amount.3629b5421e"} */

    select
      count(*) as failures,
      count(*) != 0 as should_warn,
      count(*) != 0 as should_error
    from (
      
    
  
    
    



select amount
from "medallion"."main"."stg_transactions"
where amount is null



  
  
      
    ) dbt_internal_test
[0m12:25:13.152458 [debug] [Thread-1 (]: SQL status: OK in 0.001 seconds
[0m12:25:13.152657 [debug] [Thread-3 (]: On test.medallion_dbt.not_null_stg_transactions_customer_id.ea7b0d99bf: /* {"app": "dbt", "dbt_version": "1.10.15", "profile_name": "medallion_duckdb", "target_name": "dev", "node_id": "test.medallion_dbt.not_null_stg_transactions_customer_id.ea7b0d99bf"} */

    select
      count(*) as failures,
      count(*) != 0 as should_warn,
      count(*) != 0 as should_error
    from (
      
    
  
    
    



select customer_id
from "medallion"."main"."stg_transactions"
where customer_id is null



  
  
      
    ) dbt_internal_test
[0m12:25:13.152880 [debug] [Thread-2 (]: SQL status: OK in 0.001 seconds
[0m12:25:13.153604 [debug] [Thread-1 (]: On test.medallion_dbt.not_null_fct_customer_transactions_transaction_count.7466a4c02e: ROLLBACK
[0m12:25:13.153828 [debug] [Thread-2 (]: Using duckdb connection "test.medallion_dbt.not_null_stg_transactions_status.c7c2fec875"
[0m12:25:13.153985 [debug] [Thread-4 (]: SQL status: OK in 0.001 seconds
[0m12:25:13.154277 [debug] [Thread-1 (]: Failed to rollback 'test.medallion_dbt.not_null_fct_customer_transactions_transaction_count.7466a4c02e'
[0m12:25:13.154455 [debug] [Thread-2 (]: On test.medallion_dbt.not_null_stg_transactions_status.c7c2fec875: /* {"app": "dbt", "dbt_version": "1.10.15", "profile_name": "medallion_duckdb", "target_name": "dev", "node_id": "test.medallion_dbt.not_null_stg_transactions_status.c7c2fec875"} */

    select
      count(*) as failures,
      count(*) != 0 as should_warn,
      count(*) != 0 as should_error
    from (
      
    
  
    
    



select status
from "medallion"."main"."stg_transactions"
where status is null



  
  
      
    ) dbt_internal_test
[0m12:25:13.154623 [debug] [Thread-3 (]: SQL status: OK in 0.001 seconds
[0m12:25:13.155278 [debug] [Thread-4 (]: On test.medallion_dbt.not_null_stg_transactions_amount.3629b5421e: ROLLBACK
[0m12:25:13.155435 [debug] [Thread-1 (]: On test.medallion_dbt.not_null_fct_customer_transactions_transaction_count.7466a4c02e: Close
[0m12:25:13.156137 [debug] [Thread-3 (]: On test.medallion_dbt.not_null_stg_transactions_customer_id.ea7b0d99bf: ROLLBACK
[0m12:25:13.156408 [debug] [Thread-4 (]: Failed to rollback 'test.medallion_dbt.not_null_stg_transactions_amount.3629b5421e'
[0m12:25:13.156565 [debug] [Thread-2 (]: SQL status: OK in 0.001 seconds
[0m12:25:13.156831 [info ] [Thread-1 (]: 9 of 16 PASS not_null_fct_customer_transactions_transaction_count .............. [[32mPASS[0m in 0.02s]
[0m12:25:13.157137 [debug] [Thread-3 (]: Failed to rollback 'test.medallion_dbt.not_null_stg_transactions_customer_id.ea7b0d99bf'
[0m12:25:13.157291 [debug] [Thread-4 (]: On test.medallion_dbt.not_null_stg_transactions_amount.3629b5421e: Close
[0m12:25:13.157888 [debug] [Thread-2 (]: On test.medallion_dbt.not_null_stg_transactions_status.c7c2fec875: ROLLBACK
[0m12:25:13.158117 [debug] [Thread-1 (]: Finished running node test.medallion_dbt.not_null_fct_customer_transactions_transaction_count.7466a4c02e
[0m12:25:13.158275 [debug] [Thread-3 (]: On test.medallion_dbt.not_null_stg_transactions_customer_id.ea7b0d99bf: Close
[0m12:25:13.158516 [info ] [Thread-4 (]: 10 of 16 PASS not_null_stg_transactions_amount ................................. [[32mPASS[0m in 0.02s]
[0m12:25:13.158790 [debug] [Thread-2 (]: Failed to rollback 'test.medallion_dbt.not_null_stg_transactions_status.c7c2fec875'
[0m12:25:13.158962 [debug] [Thread-1 (]: Began running node test.medallion_dbt.not_null_stg_transactions_transaction_date.353bde368c
[0m12:25:13.159409 [debug] [Thread-4 (]: Finished running node test.medallion_dbt.not_null_stg_transactions_amount.3629b5421e
[0m12:25:13.159215 [info ] [Thread-3 (]: 11 of 16 PASS not_null_stg_transactions_customer_id ............................ [[32mPASS[0m in 0.02s]
[0m12:25:13.159600 [debug] [Thread-2 (]: On test.medallion_dbt.not_null_stg_transactions_status.c7c2fec875: Close
[0m12:25:13.159908 [debug] [Thread-4 (]: Began running node test.medallion_dbt.not_null_stg_transactions_transaction_id.1d00a8e2e4
[0m12:25:13.159764 [info ] [Thread-1 (]: 13 of 16 START test not_null_stg_transactions_transaction_date ................. [RUN]
[0m12:25:13.160175 [debug] [Thread-3 (]: Finished running node test.medallion_dbt.not_null_stg_transactions_customer_id.ea7b0d99bf
[0m12:25:13.160395 [info ] [Thread-2 (]: 12 of 16 PASS not_null_stg_transactions_status ................................. [[32mPASS[0m in 0.02s]
[0m12:25:13.160573 [info ] [Thread-4 (]: 14 of 16 START test not_null_stg_transactions_transaction_id ................... [RUN]
[0m12:25:13.160784 [debug] [Thread-1 (]: Re-using an available connection from the pool (formerly test.medallion_dbt.not_null_fct_customer_transactions_transaction_count.7466a4c02e, now test.medallion_dbt.not_null_stg_transactions_transaction_date.353bde368c)
[0m12:25:13.160954 [debug] [Thread-3 (]: Began running node test.medallion_dbt.not_null_stg_transactions_transaction_ts.414f2f36a7
[0m12:25:13.161177 [debug] [Thread-2 (]: Finished running node test.medallion_dbt.not_null_stg_transactions_status.c7c2fec875
[0m12:25:13.161337 [debug] [Thread-4 (]: Re-using an available connection from the pool (formerly test.medallion_dbt.not_null_stg_transactions_amount.3629b5421e, now test.medallion_dbt.not_null_stg_transactions_transaction_id.1d00a8e2e4)
[0m12:25:13.161493 [debug] [Thread-1 (]: Began compiling node test.medallion_dbt.not_null_stg_transactions_transaction_date.353bde368c
[0m12:25:13.161647 [info ] [Thread-3 (]: 15 of 16 START test not_null_stg_transactions_transaction_ts ................... [RUN]
[0m12:25:13.161827 [debug] [Thread-2 (]: Began running node test.medallion_dbt.unique_stg_transactions_transaction_id.ee9a78a396
[0m12:25:13.161988 [debug] [Thread-4 (]: Began compiling node test.medallion_dbt.not_null_stg_transactions_transaction_id.1d00a8e2e4
[0m12:25:13.163913 [debug] [Thread-1 (]: Writing injected SQL for node "test.medallion_dbt.not_null_stg_transactions_transaction_date.353bde368c"
[0m12:25:13.164116 [debug] [Thread-3 (]: Re-using an available connection from the pool (formerly test.medallion_dbt.not_null_stg_transactions_customer_id.ea7b0d99bf, now test.medallion_dbt.not_null_stg_transactions_transaction_ts.414f2f36a7)
[0m12:25:13.165796 [debug] [Thread-4 (]: Writing injected SQL for node "test.medallion_dbt.not_null_stg_transactions_transaction_id.1d00a8e2e4"
[0m12:25:13.164298 [info ] [Thread-2 (]: 16 of 16 START test unique_stg_transactions_transaction_id ..................... [RUN]
[0m12:25:13.166030 [debug] [Thread-3 (]: Began compiling node test.medallion_dbt.not_null_stg_transactions_transaction_ts.414f2f36a7
[0m12:25:13.166255 [debug] [Thread-2 (]: Re-using an available connection from the pool (formerly test.medallion_dbt.not_null_stg_transactions_status.c7c2fec875, now test.medallion_dbt.unique_stg_transactions_transaction_id.ee9a78a396)
[0m12:25:13.166505 [debug] [Thread-1 (]: Began executing node test.medallion_dbt.not_null_stg_transactions_transaction_date.353bde368c
[0m12:25:13.166646 [debug] [Thread-4 (]: Began executing node test.medallion_dbt.not_null_stg_transactions_transaction_id.1d00a8e2e4
[0m12:25:13.168223 [debug] [Thread-3 (]: Writing injected SQL for node "test.medallion_dbt.not_null_stg_transactions_transaction_ts.414f2f36a7"
[0m12:25:13.168402 [debug] [Thread-2 (]: Began compiling node test.medallion_dbt.unique_stg_transactions_transaction_id.ee9a78a396
[0m12:25:13.169503 [debug] [Thread-1 (]: Writing runtime sql for node "test.medallion_dbt.not_null_stg_transactions_transaction_date.353bde368c"
[0m12:25:13.170328 [debug] [Thread-4 (]: Writing runtime sql for node "test.medallion_dbt.not_null_stg_transactions_transaction_id.1d00a8e2e4"
[0m12:25:13.174772 [debug] [Thread-2 (]: Writing injected SQL for node "test.medallion_dbt.unique_stg_transactions_transaction_id.ee9a78a396"
[0m12:25:13.175147 [debug] [Thread-3 (]: Began executing node test.medallion_dbt.not_null_stg_transactions_transaction_ts.414f2f36a7
[0m12:25:13.176025 [debug] [Thread-3 (]: Writing runtime sql for node "test.medallion_dbt.not_null_stg_transactions_transaction_ts.414f2f36a7"
[0m12:25:13.176256 [debug] [Thread-1 (]: Using duckdb connection "test.medallion_dbt.not_null_stg_transactions_transaction_date.353bde368c"
[0m12:25:13.176427 [debug] [Thread-1 (]: On test.medallion_dbt.not_null_stg_transactions_transaction_date.353bde368c: BEGIN
[0m12:25:13.176579 [debug] [Thread-1 (]: Opening a new connection, currently in state closed
[0m12:25:13.176741 [debug] [Thread-2 (]: Began executing node test.medallion_dbt.unique_stg_transactions_transaction_id.ee9a78a396
[0m12:25:13.177054 [debug] [Thread-4 (]: Using duckdb connection "test.medallion_dbt.not_null_stg_transactions_transaction_id.1d00a8e2e4"
[0m12:25:13.177919 [debug] [Thread-2 (]: Writing runtime sql for node "test.medallion_dbt.unique_stg_transactions_transaction_id.ee9a78a396"
[0m12:25:13.178098 [debug] [Thread-3 (]: Using duckdb connection "test.medallion_dbt.not_null_stg_transactions_transaction_ts.414f2f36a7"
[0m12:25:13.178264 [debug] [Thread-4 (]: On test.medallion_dbt.not_null_stg_transactions_transaction_id.1d00a8e2e4: BEGIN
[0m12:25:13.178422 [debug] [Thread-1 (]: SQL status: OK in 0.002 seconds
[0m12:25:13.178611 [debug] [Thread-3 (]: On test.medallion_dbt.not_null_stg_transactions_transaction_ts.414f2f36a7: BEGIN
[0m12:25:13.178767 [debug] [Thread-4 (]: Opening a new connection, currently in state closed
[0m12:25:13.178928 [debug] [Thread-1 (]: Using duckdb connection "test.medallion_dbt.not_null_stg_transactions_transaction_date.353bde368c"
[0m12:25:13.179092 [debug] [Thread-3 (]: Opening a new connection, currently in state closed
[0m12:25:13.179306 [debug] [Thread-2 (]: Using duckdb connection "test.medallion_dbt.unique_stg_transactions_transaction_id.ee9a78a396"
[0m12:25:13.179476 [debug] [Thread-1 (]: On test.medallion_dbt.not_null_stg_transactions_transaction_date.353bde368c: /* {"app": "dbt", "dbt_version": "1.10.15", "profile_name": "medallion_duckdb", "target_name": "dev", "node_id": "test.medallion_dbt.not_null_stg_transactions_transaction_date.353bde368c"} */

    select
      count(*) as failures,
      count(*) != 0 as should_warn,
      count(*) != 0 as should_error
    from (
      
    
  
    
    



select transaction_date
from "medallion"."main"."stg_transactions"
where transaction_date is null



  
  
      
    ) dbt_internal_test
[0m12:25:13.179642 [debug] [Thread-4 (]: SQL status: OK in 0.001 seconds
[0m12:25:13.179832 [debug] [Thread-2 (]: On test.medallion_dbt.unique_stg_transactions_transaction_id.ee9a78a396: BEGIN
[0m12:25:13.180057 [debug] [Thread-4 (]: Using duckdb connection "test.medallion_dbt.not_null_stg_transactions_transaction_id.1d00a8e2e4"
[0m12:25:13.180204 [debug] [Thread-3 (]: SQL status: OK in 0.001 seconds
[0m12:25:13.180366 [debug] [Thread-2 (]: Opening a new connection, currently in state closed
[0m12:25:13.180545 [debug] [Thread-4 (]: On test.medallion_dbt.not_null_stg_transactions_transaction_id.1d00a8e2e4: /* {"app": "dbt", "dbt_version": "1.10.15", "profile_name": "medallion_duckdb", "target_name": "dev", "node_id": "test.medallion_dbt.not_null_stg_transactions_transaction_id.1d00a8e2e4"} */

    select
      count(*) as failures,
      count(*) != 0 as should_warn,
      count(*) != 0 as should_error
    from (
      
    
  
    
    



select transaction_id
from "medallion"."main"."stg_transactions"
where transaction_id is null



  
  
      
    ) dbt_internal_test
[0m12:25:13.180719 [debug] [Thread-3 (]: Using duckdb connection "test.medallion_dbt.not_null_stg_transactions_transaction_ts.414f2f36a7"
[0m12:25:13.180872 [debug] [Thread-1 (]: SQL status: OK in 0.001 seconds
[0m12:25:13.181134 [debug] [Thread-3 (]: On test.medallion_dbt.not_null_stg_transactions_transaction_ts.414f2f36a7: /* {"app": "dbt", "dbt_version": "1.10.15", "profile_name": "medallion_duckdb", "target_name": "dev", "node_id": "test.medallion_dbt.not_null_stg_transactions_transaction_ts.414f2f36a7"} */

    select
      count(*) as failures,
      count(*) != 0 as should_warn,
      count(*) != 0 as should_error
    from (
      
    
  
    
    



select transaction_ts
from "medallion"."main"."stg_transactions"
where transaction_ts is null



  
  
      
    ) dbt_internal_test
[0m12:25:13.181307 [debug] [Thread-2 (]: SQL status: OK in 0.001 seconds
[0m12:25:13.182099 [debug] [Thread-1 (]: On test.medallion_dbt.not_null_stg_transactions_transaction_date.353bde368c: ROLLBACK
[0m12:25:13.182254 [debug] [Thread-4 (]: SQL status: OK in 0.001 seconds
[0m12:25:13.182404 [debug] [Thread-2 (]: Using duckdb connection "test.medallion_dbt.unique_stg_transactions_transaction_id.ee9a78a396"
[0m12:25:13.182585 [debug] [Thread-3 (]: SQL status: OK in 0.001 seconds
[0m12:25:13.182841 [debug] [Thread-1 (]: Failed to rollback 'test.medallion_dbt.not_null_stg_transactions_transaction_date.353bde368c'
[0m12:25:13.183453 [debug] [Thread-4 (]: On test.medallion_dbt.not_null_stg_transactions_transaction_id.1d00a8e2e4: ROLLBACK
[0m12:25:13.183628 [debug] [Thread-2 (]: On test.medallion_dbt.unique_stg_transactions_transaction_id.ee9a78a396: /* {"app": "dbt", "dbt_version": "1.10.15", "profile_name": "medallion_duckdb", "target_name": "dev", "node_id": "test.medallion_dbt.unique_stg_transactions_transaction_id.ee9a78a396"} */

    select
      count(*) as failures,
      count(*) != 0 as should_warn,
      count(*) != 0 as should_error
    from (
      
    
  
    
    

select
    transaction_id as unique_field,
    count(*) as n_records

from "medallion"."main"."stg_transactions"
where transaction_id is not null
group by transaction_id
having count(*) > 1



  
  
      
    ) dbt_internal_test
[0m12:25:13.184285 [debug] [Thread-3 (]: On test.medallion_dbt.not_null_stg_transactions_transaction_ts.414f2f36a7: ROLLBACK
[0m12:25:13.184444 [debug] [Thread-1 (]: On test.medallion_dbt.not_null_stg_transactions_transaction_date.353bde368c: Close
[0m12:25:13.184707 [debug] [Thread-4 (]: Failed to rollback 'test.medallion_dbt.not_null_stg_transactions_transaction_id.1d00a8e2e4'
[0m12:25:13.185034 [debug] [Thread-3 (]: Failed to rollback 'test.medallion_dbt.not_null_stg_transactions_transaction_ts.414f2f36a7'
[0m12:25:13.185304 [info ] [Thread-1 (]: 13 of 16 PASS not_null_stg_transactions_transaction_date ....................... [[32mPASS[0m in 0.02s]
[0m12:25:13.185506 [debug] [Thread-4 (]: On test.medallion_dbt.not_null_stg_transactions_transaction_id.1d00a8e2e4: Close
[0m12:25:13.185671 [debug] [Thread-3 (]: On test.medallion_dbt.not_null_stg_transactions_transaction_ts.414f2f36a7: Close
[0m12:25:13.185899 [debug] [Thread-1 (]: Finished running node test.medallion_dbt.not_null_stg_transactions_transaction_date.353bde368c
[0m12:25:13.186072 [debug] [Thread-2 (]: SQL status: OK in 0.001 seconds
[0m12:25:13.186295 [info ] [Thread-4 (]: 14 of 16 PASS not_null_stg_transactions_transaction_id ......................... [[32mPASS[0m in 0.02s]
[0m12:25:13.186556 [info ] [Thread-3 (]: 15 of 16 PASS not_null_stg_transactions_transaction_ts ......................... [[32mPASS[0m in 0.02s]
[0m12:25:13.186875 [debug] [Thread-4 (]: Finished running node test.medallion_dbt.not_null_stg_transactions_transaction_id.1d00a8e2e4
[0m12:25:13.187103 [debug] [Thread-3 (]: Finished running node test.medallion_dbt.not_null_stg_transactions_transaction_ts.414f2f36a7
[0m12:25:13.187716 [debug] [Thread-2 (]: On test.medallion_dbt.unique_stg_transactions_transaction_id.ee9a78a396: ROLLBACK
[0m12:25:13.188031 [debug] [Thread-2 (]: Failed to rollback 'test.medallion_dbt.unique_stg_transactions_transaction_id.ee9a78a396'
[0m12:25:13.188180 [debug] [Thread-2 (]: On test.medallion_dbt.unique_stg_transactions_transaction_id.ee9a78a396: Close
[0m12:25:13.188393 [info ] [Thread-2 (]: 16 of 16 PASS unique_stg_transactions_transaction_id ........................... [[32mPASS[0m in 0.02s]
[0m12:25:13.188612 [debug] [Thread-2 (]: Finished running node test.medallion_dbt.unique_stg_transactions_transaction_id.ee9a78a396
[0m12:25:13.189179 [debug] [MainThread]: Using duckdb connection "master"
[0m12:25:13.189314 [debug] [MainThread]: On master: BEGIN
[0m12:25:13.189424 [debug] [MainThread]: Opening a new connection, currently in state closed
[0m12:25:13.189633 [debug] [MainThread]: SQL status: OK in 0.000 seconds
[0m12:25:13.189757 [debug] [MainThread]: On master: COMMIT
[0m12:25:13.189879 [debug] [MainThread]: Using duckdb connection "master"
[0m12:25:13.189991 [debug] [MainThread]: On master: COMMIT
[0m12:25:13.190161 [debug] [MainThread]: SQL status: OK in 0.000 seconds
[0m12:25:13.190284 [debug] [MainThread]: On master: Close
[0m12:25:13.190431 [debug] [MainThread]: Connection 'master' was properly closed.
[0m12:25:13.190540 [debug] [MainThread]: Connection 'test.medallion_dbt.not_null_stg_transactions_transaction_date.353bde368c' was properly closed.
[0m12:25:13.190643 [debug] [MainThread]: Connection 'test.medallion_dbt.not_null_stg_transactions_transaction_id.1d00a8e2e4' was properly closed.
[0m12:25:13.190744 [debug] [MainThread]: Connection 'test.medallion_dbt.not_null_stg_transactions_transaction_ts.414f2f36a7' was properly closed.
[0m12:25:13.190841 [debug] [MainThread]: Connection 'test.medallion_dbt.unique_stg_transactions_transaction_id.ee9a78a396' was properly closed.
[0m12:25:13.190964 [info ] [MainThread]: 
[0m12:25:13.191094 [info ] [MainThread]: Finished running 16 data tests in 0 hours 0 minutes and 0.20 seconds (0.20s).
[0m12:25:13.192107 [debug] [MainThread]: Command end result
[0m12:25:13.203284 [debug] [MainThread]: Wrote artifact WritableManifest to /Users/nicolasvelazquez/documents/udesa/ingenieriadatos/examen_ing_de_sw_n_data_final/dbt/target/manifest.json
[0m12:25:13.204119 [debug] [MainThread]: Wrote artifact SemanticManifest to /Users/nicolasvelazquez/documents/udesa/ingenieriadatos/examen_ing_de_sw_n_data_final/dbt/target/semantic_manifest.json
[0m12:25:13.207437 [debug] [MainThread]: Wrote artifact RunExecutionResult to /Users/nicolasvelazquez/documents/udesa/ingenieriadatos/examen_ing_de_sw_n_data_final/dbt/target/run_results.json
[0m12:25:13.207597 [info ] [MainThread]: 
[0m12:25:13.207759 [info ] [MainThread]: [32mCompleted successfully[0m
[0m12:25:13.207892 [info ] [MainThread]: 
[0m12:25:13.208030 [info ] [MainThread]: Done. PASS=16 WARN=0 ERROR=0 SKIP=0 NO-OP=0 TOTAL=16
[0m12:25:13.209416 [debug] [MainThread]: Resource report: {"command_name": "test", "command_success": true, "command_wall_clock_time": 0.5648601, "process_in_blocks": "0", "process_kernel_time": 0.158628, "process_mem_max_rss": "152420352", "process_out_blocks": "0", "process_user_time": 1.1162}
[0m12:25:13.209619 [debug] [MainThread]: Command `dbt test` succeeded at 12:25:13.209581 after 0.57 seconds
[0m12:25:13.209779 [debug] [MainThread]: Sending event: {'category': 'dbt', 'action': 'invocation', 'label': 'end', 'context': [<snowplow_tracker.self_describing_json.SelfDescribingJson object at 0x10b7d1d90>, <snowplow_tracker.self_describing_json.SelfDescribingJson object at 0x10c282410>, <snowplow_tracker.self_describing_json.SelfDescribingJson object at 0x10c280d60>]}
[0m12:25:13.209931 [debug] [MainThread]: Flushing usage events
[0m12:25:13.900832 [debug] [MainThread]: An error was encountered while trying to flush usage events
[0m12:32:06.188670 [debug] [MainThread]: Sending event: {'category': 'dbt', 'action': 'invocation', 'label': 'start', 'context': [<snowplow_tracker.self_describing_json.SelfDescribingJson object at 0x1086038c0>, <snowplow_tracker.self_describing_json.SelfDescribingJson object at 0x109c3f750>, <snowplow_tracker.self_describing_json.SelfDescribingJson object at 0x109c3f9d0>]}


============================== 12:32:06.191781 | bf4bdec8-681b-43ba-a3de-2b744b6fdb26 ==============================
[0m12:32:06.191781 [info ] [MainThread]: Running with dbt=1.10.15
[0m12:32:06.192104 [debug] [MainThread]: running dbt with arguments {'static_parser': 'True', 'profiles_dir': '/Users/nicolasvelazquez/documents/udesa/ingenieriadatos/examen_ing_de_sw_n_data_final/profiles', 'introspect': 'True', 'debug': 'False', 'partial_parse': 'True', 'invocation_command': 'dbt docs generate --project-dir dbt', 'send_anonymous_usage_stats': 'True', 'log_path': 'dbt/logs', 'log_cache_events': 'False', 'empty': 'None', 'fail_fast': 'False', 'write_json': 'True', 'indirect_selection': 'eager', 'warn_error_options': 'WarnErrorOptionsV2(error=[], warn=[], silence=[])', 'target_path': 'None', 'no_print': 'None', 'use_colors': 'True', 'cache_selected_only': 'False', 'use_experimental_parser': 'False', 'printer_width': '80', 'warn_error': 'None', 'quiet': 'False', 'version_check': 'True', 'log_format': 'default'}
[0m12:32:06.379907 [debug] [MainThread]: Sending event: {'category': 'dbt', 'action': 'project_id', 'label': 'bf4bdec8-681b-43ba-a3de-2b744b6fdb26', 'context': [<snowplow_tracker.self_describing_json.SelfDescribingJson object at 0x108f3e060>]}
[0m12:32:06.408230 [debug] [MainThread]: Sending event: {'category': 'dbt', 'action': 'adapter_info', 'label': 'bf4bdec8-681b-43ba-a3de-2b744b6fdb26', 'context': [<snowplow_tracker.self_describing_json.SelfDescribingJson object at 0x109b73020>]}
[0m12:32:06.409687 [info ] [MainThread]: Registered adapter: duckdb=1.10.0
[0m12:32:06.467204 [debug] [MainThread]: checksum: 14a228079bd6df63ba81633f9a3cf44ecfaa31056ac397c602753ec895dbf885, vars: {}, profile: , target: , version: 1.10.15
[0m12:32:06.545637 [debug] [MainThread]: Partial parsing enabled: 0 files deleted, 0 files added, 0 files changed.
[0m12:32:06.545867 [debug] [MainThread]: Partial parsing enabled, no changes found, skipping parsing
[0m12:32:06.564205 [debug] [MainThread]: Sending event: {'category': 'dbt', 'action': 'load_project', 'label': 'bf4bdec8-681b-43ba-a3de-2b744b6fdb26', 'context': [<snowplow_tracker.self_describing_json.SelfDescribingJson object at 0x10a141f50>]}
[0m12:32:06.579475 [debug] [MainThread]: Sending event: {'category': 'dbt', 'action': 'resource_counts', 'label': 'bf4bdec8-681b-43ba-a3de-2b744b6fdb26', 'context': [<snowplow_tracker.self_describing_json.SelfDescribingJson object at 0x10a1046e0>]}
[0m12:32:06.579747 [info ] [MainThread]: Found 2 models, 16 data tests, 469 macros
[0m12:32:06.579913 [debug] [MainThread]: Sending event: {'category': 'dbt', 'action': 'runnable_timing', 'label': 'bf4bdec8-681b-43ba-a3de-2b744b6fdb26', 'context': [<snowplow_tracker.self_describing_json.SelfDescribingJson object at 0x10a21cc90>]}
[0m12:32:06.581075 [info ] [MainThread]: 
[0m12:32:06.581252 [info ] [MainThread]: Concurrency: 4 threads (target='dev')
[0m12:32:06.581382 [info ] [MainThread]: 
[0m12:32:06.581615 [debug] [MainThread]: Acquiring new duckdb connection 'master'
[0m12:32:06.583829 [debug] [ThreadPool]: Acquiring new duckdb connection 'list_medallion_main'
[0m12:32:06.618088 [debug] [ThreadPool]: Using duckdb connection "list_medallion_main"
[0m12:32:06.618314 [debug] [ThreadPool]: On list_medallion_main: BEGIN
[0m12:32:06.618447 [debug] [ThreadPool]: Opening a new connection, currently in state init
[0m12:32:06.631280 [debug] [ThreadPool]: SQL status: OK in 0.013 seconds
[0m12:32:06.631489 [debug] [ThreadPool]: Using duckdb connection "list_medallion_main"
[0m12:32:06.631628 [debug] [ThreadPool]: On list_medallion_main: /* {"app": "dbt", "dbt_version": "1.10.15", "profile_name": "medallion_duckdb", "target_name": "dev", "connection_name": "list_medallion_main"} */
select
      'medallion' as database,
      table_name as name,
      table_schema as schema,
      CASE table_type
        WHEN 'BASE TABLE' THEN 'table'
        WHEN 'VIEW' THEN 'view'
        WHEN 'LOCAL TEMPORARY' THEN 'table'
        END as type
    from system.information_schema.tables
    where lower(table_schema) = 'main'
    and lower(table_catalog) = 'medallion'
  
[0m12:32:06.646291 [debug] [ThreadPool]: SQL status: OK in 0.015 seconds
[0m12:32:06.647343 [debug] [ThreadPool]: On list_medallion_main: ROLLBACK
[0m12:32:06.648249 [debug] [ThreadPool]: Failed to rollback 'list_medallion_main'
[0m12:32:06.648404 [debug] [ThreadPool]: On list_medallion_main: Close
[0m12:32:06.648886 [debug] [MainThread]: Sending event: {'category': 'dbt', 'action': 'runnable_timing', 'label': 'bf4bdec8-681b-43ba-a3de-2b744b6fdb26', 'context': [<snowplow_tracker.self_describing_json.SelfDescribingJson object at 0x10a3d71e0>]}
[0m12:32:06.650637 [debug] [Thread-1 (]: Began running node model.medallion_dbt.stg_transactions
[0m12:32:06.650842 [debug] [Thread-1 (]: Re-using an available connection from the pool (formerly list_medallion_main, now model.medallion_dbt.stg_transactions)
[0m12:32:06.651003 [debug] [Thread-1 (]: Began compiling node model.medallion_dbt.stg_transactions
[0m12:32:06.655566 [debug] [Thread-1 (]: Writing injected SQL for node "model.medallion_dbt.stg_transactions"
[0m12:32:06.656046 [debug] [Thread-1 (]: Began executing node model.medallion_dbt.stg_transactions
[0m12:32:06.656371 [debug] [Thread-1 (]: Finished running node model.medallion_dbt.stg_transactions
[0m12:32:06.656732 [debug] [Thread-4 (]: Began running node test.medallion_dbt.non_negative_stg_transactions_amount.cc30daf733
[0m12:32:06.656924 [debug] [Thread-3 (]: Began running node test.medallion_dbt.accepted_values_stg_transactions_status__completed__pending__failed.e52c83ab26
[0m12:32:06.657162 [debug] [Thread-4 (]: Acquiring new duckdb connection 'test.medallion_dbt.non_negative_stg_transactions_amount.cc30daf733'
[0m12:32:06.657313 [debug] [Thread-1 (]: Began running node test.medallion_dbt.not_null_stg_transactions_amount.3629b5421e
[0m12:32:06.657466 [debug] [Thread-2 (]: Began running node model.medallion_dbt.fct_customer_transactions
[0m12:32:06.657691 [debug] [Thread-3 (]: Acquiring new duckdb connection 'test.medallion_dbt.accepted_values_stg_transactions_status__completed__pending__failed.e52c83ab26'
[0m12:32:06.657851 [debug] [Thread-4 (]: Began compiling node test.medallion_dbt.non_negative_stg_transactions_amount.cc30daf733
[0m12:32:06.658008 [debug] [Thread-1 (]: Re-using an available connection from the pool (formerly model.medallion_dbt.stg_transactions, now test.medallion_dbt.not_null_stg_transactions_amount.3629b5421e)
[0m12:32:06.658205 [debug] [Thread-2 (]: Acquiring new duckdb connection 'model.medallion_dbt.fct_customer_transactions'
[0m12:32:06.658359 [debug] [Thread-3 (]: Began compiling node test.medallion_dbt.accepted_values_stg_transactions_status__completed__pending__failed.e52c83ab26
[0m12:32:06.662254 [debug] [Thread-4 (]: Writing injected SQL for node "test.medallion_dbt.non_negative_stg_transactions_amount.cc30daf733"
[0m12:32:06.662442 [debug] [Thread-1 (]: Began compiling node test.medallion_dbt.not_null_stg_transactions_amount.3629b5421e
[0m12:32:06.662615 [debug] [Thread-2 (]: Began compiling node model.medallion_dbt.fct_customer_transactions
[0m12:32:06.666640 [debug] [Thread-3 (]: Writing injected SQL for node "test.medallion_dbt.accepted_values_stg_transactions_status__completed__pending__failed.e52c83ab26"
[0m12:32:06.670534 [debug] [Thread-1 (]: Writing injected SQL for node "test.medallion_dbt.not_null_stg_transactions_amount.3629b5421e"
[0m12:32:06.671667 [debug] [Thread-2 (]: Writing injected SQL for node "model.medallion_dbt.fct_customer_transactions"
[0m12:32:06.671942 [debug] [Thread-4 (]: Began executing node test.medallion_dbt.non_negative_stg_transactions_amount.cc30daf733
[0m12:32:06.672375 [debug] [Thread-4 (]: Finished running node test.medallion_dbt.non_negative_stg_transactions_amount.cc30daf733
[0m12:32:06.672568 [debug] [Thread-3 (]: Began executing node test.medallion_dbt.accepted_values_stg_transactions_status__completed__pending__failed.e52c83ab26
[0m12:32:06.672747 [debug] [Thread-4 (]: Began running node test.medallion_dbt.not_null_stg_transactions_customer_id.ea7b0d99bf
[0m12:32:06.673042 [debug] [Thread-3 (]: Finished running node test.medallion_dbt.accepted_values_stg_transactions_status__completed__pending__failed.e52c83ab26
[0m12:32:06.673262 [debug] [Thread-1 (]: Began executing node test.medallion_dbt.not_null_stg_transactions_amount.3629b5421e
[0m12:32:06.673461 [debug] [Thread-4 (]: Re-using an available connection from the pool (formerly test.medallion_dbt.non_negative_stg_transactions_amount.cc30daf733, now test.medallion_dbt.not_null_stg_transactions_customer_id.ea7b0d99bf)
[0m12:32:06.673626 [debug] [Thread-2 (]: Began executing node model.medallion_dbt.fct_customer_transactions
[0m12:32:06.673791 [debug] [Thread-3 (]: Began running node test.medallion_dbt.not_null_stg_transactions_status.c7c2fec875
[0m12:32:06.674061 [debug] [Thread-1 (]: Finished running node test.medallion_dbt.not_null_stg_transactions_amount.3629b5421e
[0m12:32:06.674207 [debug] [Thread-4 (]: Began compiling node test.medallion_dbt.not_null_stg_transactions_customer_id.ea7b0d99bf
[0m12:32:06.674467 [debug] [Thread-2 (]: Finished running node model.medallion_dbt.fct_customer_transactions
[0m12:32:06.674620 [debug] [Thread-3 (]: Re-using an available connection from the pool (formerly test.medallion_dbt.accepted_values_stg_transactions_status__completed__pending__failed.e52c83ab26, now test.medallion_dbt.not_null_stg_transactions_status.c7c2fec875)
[0m12:32:06.674783 [debug] [Thread-1 (]: Began running node test.medallion_dbt.not_null_stg_transactions_transaction_date.353bde368c
[0m12:32:06.676594 [debug] [Thread-4 (]: Writing injected SQL for node "test.medallion_dbt.not_null_stg_transactions_customer_id.ea7b0d99bf"
[0m12:32:06.676789 [debug] [Thread-2 (]: Began running node test.medallion_dbt.not_null_stg_transactions_transaction_id.1d00a8e2e4
[0m12:32:06.676977 [debug] [Thread-3 (]: Began compiling node test.medallion_dbt.not_null_stg_transactions_status.c7c2fec875
[0m12:32:06.677185 [debug] [Thread-1 (]: Re-using an available connection from the pool (formerly test.medallion_dbt.not_null_stg_transactions_amount.3629b5421e, now test.medallion_dbt.not_null_stg_transactions_transaction_date.353bde368c)
[0m12:32:06.677367 [debug] [Thread-2 (]: Re-using an available connection from the pool (formerly model.medallion_dbt.fct_customer_transactions, now test.medallion_dbt.not_null_stg_transactions_transaction_id.1d00a8e2e4)
[0m12:32:06.678928 [debug] [Thread-3 (]: Writing injected SQL for node "test.medallion_dbt.not_null_stg_transactions_status.c7c2fec875"
[0m12:32:06.679123 [debug] [Thread-1 (]: Began compiling node test.medallion_dbt.not_null_stg_transactions_transaction_date.353bde368c
[0m12:32:06.679286 [debug] [Thread-2 (]: Began compiling node test.medallion_dbt.not_null_stg_transactions_transaction_id.1d00a8e2e4
[0m12:32:06.679450 [debug] [Thread-4 (]: Began executing node test.medallion_dbt.not_null_stg_transactions_customer_id.ea7b0d99bf
[0m12:32:06.680979 [debug] [Thread-1 (]: Writing injected SQL for node "test.medallion_dbt.not_null_stg_transactions_transaction_date.353bde368c"
[0m12:32:06.682737 [debug] [Thread-2 (]: Writing injected SQL for node "test.medallion_dbt.not_null_stg_transactions_transaction_id.1d00a8e2e4"
[0m12:32:06.683059 [debug] [Thread-4 (]: Finished running node test.medallion_dbt.not_null_stg_transactions_customer_id.ea7b0d99bf
[0m12:32:06.683209 [debug] [Thread-3 (]: Began executing node test.medallion_dbt.not_null_stg_transactions_status.c7c2fec875
[0m12:32:06.683432 [debug] [Thread-4 (]: Began running node test.medallion_dbt.not_null_stg_transactions_transaction_ts.414f2f36a7
[0m12:32:06.683761 [debug] [Thread-3 (]: Finished running node test.medallion_dbt.not_null_stg_transactions_status.c7c2fec875
[0m12:32:06.683928 [debug] [Thread-4 (]: Re-using an available connection from the pool (formerly test.medallion_dbt.not_null_stg_transactions_customer_id.ea7b0d99bf, now test.medallion_dbt.not_null_stg_transactions_transaction_ts.414f2f36a7)
[0m12:32:06.684078 [debug] [Thread-1 (]: Began executing node test.medallion_dbt.not_null_stg_transactions_transaction_date.353bde368c
[0m12:32:06.684227 [debug] [Thread-2 (]: Began executing node test.medallion_dbt.not_null_stg_transactions_transaction_id.1d00a8e2e4
[0m12:32:06.684395 [debug] [Thread-3 (]: Began running node test.medallion_dbt.unique_stg_transactions_transaction_id.ee9a78a396
[0m12:32:06.684545 [debug] [Thread-4 (]: Began compiling node test.medallion_dbt.not_null_stg_transactions_transaction_ts.414f2f36a7
[0m12:32:06.684797 [debug] [Thread-1 (]: Finished running node test.medallion_dbt.not_null_stg_transactions_transaction_date.353bde368c
[0m12:32:06.685065 [debug] [Thread-2 (]: Finished running node test.medallion_dbt.not_null_stg_transactions_transaction_id.1d00a8e2e4
[0m12:32:06.685214 [debug] [Thread-3 (]: Re-using an available connection from the pool (formerly test.medallion_dbt.not_null_stg_transactions_status.c7c2fec875, now test.medallion_dbt.unique_stg_transactions_transaction_id.ee9a78a396)
[0m12:32:06.686732 [debug] [Thread-4 (]: Writing injected SQL for node "test.medallion_dbt.not_null_stg_transactions_transaction_ts.414f2f36a7"
[0m12:32:06.686922 [debug] [Thread-1 (]: Began running node test.medallion_dbt.non_negative_fct_customer_transactions_total_amount_all.1032e62a89
[0m12:32:06.687104 [debug] [Thread-2 (]: Began running node test.medallion_dbt.non_negative_fct_customer_transactions_total_amount_completed.b85991a428
[0m12:32:06.687264 [debug] [Thread-3 (]: Began compiling node test.medallion_dbt.unique_stg_transactions_transaction_id.ee9a78a396
[0m12:32:06.687444 [debug] [Thread-1 (]: Re-using an available connection from the pool (formerly test.medallion_dbt.not_null_stg_transactions_transaction_date.353bde368c, now test.medallion_dbt.non_negative_fct_customer_transactions_total_amount_all.1032e62a89)
[0m12:32:06.687608 [debug] [Thread-2 (]: Re-using an available connection from the pool (formerly test.medallion_dbt.not_null_stg_transactions_transaction_id.1d00a8e2e4, now test.medallion_dbt.non_negative_fct_customer_transactions_total_amount_completed.b85991a428)
[0m12:32:06.692308 [debug] [Thread-3 (]: Writing injected SQL for node "test.medallion_dbt.unique_stg_transactions_transaction_id.ee9a78a396"
[0m12:32:06.692527 [debug] [Thread-1 (]: Began compiling node test.medallion_dbt.non_negative_fct_customer_transactions_total_amount_all.1032e62a89
[0m12:32:06.692707 [debug] [Thread-2 (]: Began compiling node test.medallion_dbt.non_negative_fct_customer_transactions_total_amount_completed.b85991a428
[0m12:32:06.692859 [debug] [Thread-4 (]: Began executing node test.medallion_dbt.not_null_stg_transactions_transaction_ts.414f2f36a7
[0m12:32:06.694408 [debug] [Thread-1 (]: Writing injected SQL for node "test.medallion_dbt.non_negative_fct_customer_transactions_total_amount_all.1032e62a89"
[0m12:32:06.695876 [debug] [Thread-2 (]: Writing injected SQL for node "test.medallion_dbt.non_negative_fct_customer_transactions_total_amount_completed.b85991a428"
[0m12:32:06.696199 [debug] [Thread-4 (]: Finished running node test.medallion_dbt.not_null_stg_transactions_transaction_ts.414f2f36a7
[0m12:32:06.696353 [debug] [Thread-3 (]: Began executing node test.medallion_dbt.unique_stg_transactions_transaction_id.ee9a78a396
[0m12:32:06.696579 [debug] [Thread-4 (]: Began running node test.medallion_dbt.non_negative_fct_customer_transactions_transaction_count.df8b0df1a4
[0m12:32:06.696887 [debug] [Thread-3 (]: Finished running node test.medallion_dbt.unique_stg_transactions_transaction_id.ee9a78a396
[0m12:32:06.697104 [debug] [Thread-4 (]: Re-using an available connection from the pool (formerly test.medallion_dbt.not_null_stg_transactions_transaction_ts.414f2f36a7, now test.medallion_dbt.non_negative_fct_customer_transactions_transaction_count.df8b0df1a4)
[0m12:32:06.697268 [debug] [Thread-1 (]: Began executing node test.medallion_dbt.non_negative_fct_customer_transactions_total_amount_all.1032e62a89
[0m12:32:06.697433 [debug] [Thread-3 (]: Began running node test.medallion_dbt.not_null_fct_customer_transactions_customer_id.8253bbdb2c
[0m12:32:06.697582 [debug] [Thread-2 (]: Began executing node test.medallion_dbt.non_negative_fct_customer_transactions_total_amount_completed.b85991a428
[0m12:32:06.697743 [debug] [Thread-4 (]: Began compiling node test.medallion_dbt.non_negative_fct_customer_transactions_transaction_count.df8b0df1a4
[0m12:32:06.697994 [debug] [Thread-1 (]: Finished running node test.medallion_dbt.non_negative_fct_customer_transactions_total_amount_all.1032e62a89
[0m12:32:06.698153 [debug] [Thread-3 (]: Re-using an available connection from the pool (formerly test.medallion_dbt.unique_stg_transactions_transaction_id.ee9a78a396, now test.medallion_dbt.not_null_fct_customer_transactions_customer_id.8253bbdb2c)
[0m12:32:06.698413 [debug] [Thread-2 (]: Finished running node test.medallion_dbt.non_negative_fct_customer_transactions_total_amount_completed.b85991a428
[0m12:32:06.733945 [debug] [Thread-4 (]: Writing injected SQL for node "test.medallion_dbt.non_negative_fct_customer_transactions_transaction_count.df8b0df1a4"
[0m12:32:06.734175 [debug] [Thread-1 (]: Began running node test.medallion_dbt.not_null_fct_customer_transactions_total_amount_all.0a661a703f
[0m12:32:06.734342 [debug] [Thread-3 (]: Began compiling node test.medallion_dbt.not_null_fct_customer_transactions_customer_id.8253bbdb2c
[0m12:32:06.734527 [debug] [Thread-2 (]: Began running node test.medallion_dbt.not_null_fct_customer_transactions_total_amount_completed.989f790418
[0m12:32:06.734774 [debug] [Thread-1 (]: Re-using an available connection from the pool (formerly test.medallion_dbt.non_negative_fct_customer_transactions_total_amount_all.1032e62a89, now test.medallion_dbt.not_null_fct_customer_transactions_total_amount_all.0a661a703f)
[0m12:32:06.736335 [debug] [Thread-3 (]: Writing injected SQL for node "test.medallion_dbt.not_null_fct_customer_transactions_customer_id.8253bbdb2c"
[0m12:32:06.736551 [debug] [Thread-2 (]: Re-using an available connection from the pool (formerly test.medallion_dbt.non_negative_fct_customer_transactions_total_amount_completed.b85991a428, now test.medallion_dbt.not_null_fct_customer_transactions_total_amount_completed.989f790418)
[0m12:32:06.736747 [debug] [Thread-1 (]: Began compiling node test.medallion_dbt.not_null_fct_customer_transactions_total_amount_all.0a661a703f
[0m12:32:06.736924 [debug] [Thread-4 (]: Began executing node test.medallion_dbt.non_negative_fct_customer_transactions_transaction_count.df8b0df1a4
[0m12:32:06.737103 [debug] [Thread-2 (]: Began compiling node test.medallion_dbt.not_null_fct_customer_transactions_total_amount_completed.989f790418
[0m12:32:06.738835 [debug] [Thread-1 (]: Writing injected SQL for node "test.medallion_dbt.not_null_fct_customer_transactions_total_amount_all.0a661a703f"
[0m12:32:06.739178 [debug] [Thread-4 (]: Finished running node test.medallion_dbt.non_negative_fct_customer_transactions_transaction_count.df8b0df1a4
[0m12:32:06.740686 [debug] [Thread-2 (]: Writing injected SQL for node "test.medallion_dbt.not_null_fct_customer_transactions_total_amount_completed.989f790418"
[0m12:32:06.740862 [debug] [Thread-3 (]: Began executing node test.medallion_dbt.not_null_fct_customer_transactions_customer_id.8253bbdb2c
[0m12:32:06.741078 [debug] [Thread-4 (]: Began running node test.medallion_dbt.not_null_fct_customer_transactions_transaction_count.7466a4c02e
[0m12:32:06.741442 [debug] [Thread-3 (]: Finished running node test.medallion_dbt.not_null_fct_customer_transactions_customer_id.8253bbdb2c
[0m12:32:06.741605 [debug] [Thread-1 (]: Began executing node test.medallion_dbt.not_null_fct_customer_transactions_total_amount_all.0a661a703f
[0m12:32:06.741785 [debug] [Thread-4 (]: Re-using an available connection from the pool (formerly test.medallion_dbt.non_negative_fct_customer_transactions_transaction_count.df8b0df1a4, now test.medallion_dbt.not_null_fct_customer_transactions_transaction_count.7466a4c02e)
[0m12:32:06.741994 [debug] [Thread-2 (]: Began executing node test.medallion_dbt.not_null_fct_customer_transactions_total_amount_completed.989f790418
[0m12:32:06.742264 [debug] [Thread-1 (]: Finished running node test.medallion_dbt.not_null_fct_customer_transactions_total_amount_all.0a661a703f
[0m12:32:06.742414 [debug] [Thread-4 (]: Began compiling node test.medallion_dbt.not_null_fct_customer_transactions_transaction_count.7466a4c02e
[0m12:32:06.742669 [debug] [Thread-2 (]: Finished running node test.medallion_dbt.not_null_fct_customer_transactions_total_amount_completed.989f790418
[0m12:32:06.744496 [debug] [Thread-4 (]: Writing injected SQL for node "test.medallion_dbt.not_null_fct_customer_transactions_transaction_count.7466a4c02e"
[0m12:32:06.744811 [debug] [Thread-4 (]: Began executing node test.medallion_dbt.not_null_fct_customer_transactions_transaction_count.7466a4c02e
[0m12:32:06.745074 [debug] [Thread-4 (]: Finished running node test.medallion_dbt.not_null_fct_customer_transactions_transaction_count.7466a4c02e
[0m12:32:06.745559 [debug] [MainThread]: Connection 'master' was properly closed.
[0m12:32:06.745701 [debug] [MainThread]: Connection 'test.medallion_dbt.not_null_fct_customer_transactions_total_amount_all.0a661a703f' was properly closed.
[0m12:32:06.745821 [debug] [MainThread]: Connection 'test.medallion_dbt.not_null_fct_customer_transactions_transaction_count.7466a4c02e' was properly closed.
[0m12:32:06.745927 [debug] [MainThread]: Connection 'test.medallion_dbt.not_null_fct_customer_transactions_customer_id.8253bbdb2c' was properly closed.
[0m12:32:06.746027 [debug] [MainThread]: Connection 'test.medallion_dbt.not_null_fct_customer_transactions_total_amount_completed.989f790418' was properly closed.
[0m12:32:06.747117 [debug] [MainThread]: Command end result
[0m12:32:06.780580 [debug] [MainThread]: Wrote artifact WritableManifest to dbt/target/manifest.json
[0m12:32:06.781978 [debug] [MainThread]: Wrote artifact SemanticManifest to dbt/target/semantic_manifest.json
[0m12:32:06.785502 [debug] [MainThread]: Wrote artifact RunExecutionResult to dbt/target/run_results.json
[0m12:32:06.787592 [debug] [MainThread]: Acquiring new duckdb connection 'generate_catalog'
[0m12:32:06.787731 [info ] [MainThread]: Building catalog
[0m12:32:06.791622 [debug] [ThreadPool]: Acquiring new duckdb connection 'medallion.information_schema'
[0m12:32:06.794525 [debug] [ThreadPool]: Using duckdb connection "medallion.information_schema"
[0m12:32:06.794685 [debug] [ThreadPool]: On medallion.information_schema: BEGIN
[0m12:32:06.794813 [debug] [ThreadPool]: Opening a new connection, currently in state init
[0m12:32:06.795142 [debug] [ThreadPool]: SQL status: OK in 0.000 seconds
[0m12:32:06.795265 [debug] [ThreadPool]: Using duckdb connection "medallion.information_schema"
[0m12:32:06.795413 [debug] [ThreadPool]: On medallion.information_schema: /* {"app": "dbt", "dbt_version": "1.10.15", "profile_name": "medallion_duckdb", "target_name": "dev", "connection_name": "medallion.information_schema"} */
with relations AS (
      select
        t.table_name
        , t.database_name
        , t.schema_name
        , 'BASE TABLE' as table_type
        , t.comment as table_comment
      from duckdb_tables() t
      WHERE t.database_name = 'medallion'
      UNION ALL
      SELECT v.view_name as table_name
      , v.database_name
      , v.schema_name
      , 'VIEW' as table_type
      , v.comment as table_comment
      from duckdb_views() v
      WHERE v.database_name = 'medallion'
    )
    select
        'medallion' as table_database,
        r.schema_name as table_schema,
        r.table_name,
        r.table_type,
        r.table_comment,
        c.column_name,
        c.column_index as column_index,
        c.data_type as column_type,
        c.comment as column_comment,
        NULL as table_owner
    FROM relations r JOIN duckdb_columns() c ON r.schema_name = c.schema_name AND r.table_name = c.table_name
    WHERE (upper(r.schema_name) = upper('main'))
    ORDER BY
        r.schema_name,
        r.table_name,
        c.column_index
[0m12:32:06.801344 [debug] [ThreadPool]: SQL status: OK in 0.006 seconds
[0m12:32:06.802857 [debug] [ThreadPool]: On medallion.information_schema: ROLLBACK
[0m12:32:06.803174 [debug] [ThreadPool]: Failed to rollback 'medallion.information_schema'
[0m12:32:06.803298 [debug] [ThreadPool]: On medallion.information_schema: Close
[0m12:32:06.807922 [debug] [MainThread]: Wrote artifact CatalogArtifact to dbt/target/catalog.json
[0m12:32:06.819054 [debug] [MainThread]: Wrote artifact WritableManifest to dbt/target/manifest.json
[0m12:32:06.819894 [debug] [MainThread]: Wrote artifact SemanticManifest to dbt/target/semantic_manifest.json
[0m12:32:06.820055 [info ] [MainThread]: Catalog written to /Users/nicolasvelazquez/Documents/UdeSA/IngenieriaDatos/examen_ing_de_sw_n_data_final/dbt/target/catalog.json
[0m12:32:06.821685 [debug] [MainThread]: Resource report: {"command_name": "generate", "command_success": true, "command_wall_clock_time": 0.672043, "process_in_blocks": "0", "process_kernel_time": 0.216471, "process_mem_max_rss": "153911296", "process_out_blocks": "0", "process_user_time": 1.092202}
[0m12:32:06.821924 [debug] [MainThread]: Command `dbt docs generate` succeeded at 12:32:06.821881 after 0.67 seconds
[0m12:32:06.822064 [debug] [MainThread]: Connection 'generate_catalog' was properly closed.
[0m12:32:06.822173 [debug] [MainThread]: Connection 'medallion.information_schema' was properly closed.
[0m12:32:06.822308 [debug] [MainThread]: Sending event: {'category': 'dbt', 'action': 'invocation', 'label': 'end', 'context': [<snowplow_tracker.self_describing_json.SelfDescribingJson object at 0x109a95d90>, <snowplow_tracker.self_describing_json.SelfDescribingJson object at 0x10a45fee0>, <snowplow_tracker.self_describing_json.SelfDescribingJson object at 0x10a62caa0>]}
[0m12:32:06.822472 [debug] [MainThread]: Flushing usage events
[0m12:32:07.666421 [debug] [MainThread]: An error was encountered while trying to flush usage events
[0m12:32:17.953761 [debug] [MainThread]: Sending event: {'category': 'dbt', 'action': 'invocation', 'label': 'start', 'context': [<snowplow_tracker.self_describing_json.SelfDescribingJson object at 0x1089cb8c0>, <snowplow_tracker.self_describing_json.SelfDescribingJson object at 0x10a007750>, <snowplow_tracker.self_describing_json.SelfDescribingJson object at 0x10a0079d0>]}


============================== 12:32:17.956500 | eb9d4796-c00e-42ac-92d6-a1636261cf7c ==============================
[0m12:32:17.956500 [info ] [MainThread]: Running with dbt=1.10.15
[0m12:32:17.956814 [debug] [MainThread]: running dbt with arguments {'write_json': 'True', 'cache_selected_only': 'False', 'static_parser': 'True', 'no_print': 'None', 'introspect': 'True', 'fail_fast': 'False', 'quiet': 'False', 'target_path': 'None', 'invocation_command': 'dbt docs serve --project-dir dbt --port 8081', 'indirect_selection': 'eager', 'log_format': 'default', 'version_check': 'True', 'printer_width': '80', 'log_path': 'dbt/logs', 'partial_parse': 'True', 'send_anonymous_usage_stats': 'True', 'warn_error_options': 'WarnErrorOptionsV2(error=[], warn=[], silence=[])', 'debug': 'False', 'empty': 'None', 'use_experimental_parser': 'False', 'warn_error': 'None', 'log_cache_events': 'False', 'use_colors': 'True', 'profiles_dir': '/Users/nicolasvelazquez/documents/udesa/ingenieriadatos/examen_ing_de_sw_n_data_final/profiles'}
[0m12:32:18.064125 [debug] [MainThread]: Sending event: {'category': 'dbt', 'action': 'project_id', 'label': 'eb9d4796-c00e-42ac-92d6-a1636261cf7c', 'context': [<snowplow_tracker.self_describing_json.SelfDescribingJson object at 0x109306060>]}
[0m12:32:18.092933 [debug] [MainThread]: Sending event: {'category': 'dbt', 'action': 'adapter_info', 'label': 'eb9d4796-c00e-42ac-92d6-a1636261cf7c', 'context': [<snowplow_tracker.self_describing_json.SelfDescribingJson object at 0x109f3b130>]}
[0m12:39:20.397486 [debug] [MainThread]: Sending event: {'category': 'dbt', 'action': 'invocation', 'label': 'start', 'context': [<snowplow_tracker.self_describing_json.SelfDescribingJson object at 0x1088b78c0>, <snowplow_tracker.self_describing_json.SelfDescribingJson object at 0x109ef7890>, <snowplow_tracker.self_describing_json.SelfDescribingJson object at 0x109ef79d0>]}


============================== 12:39:20.400197 | e30556db-8c8c-4f10-8ad8-8394e790df00 ==============================
[0m12:39:20.400197 [info ] [MainThread]: Running with dbt=1.10.15
[0m12:39:20.400527 [debug] [MainThread]: running dbt with arguments {'printer_width': '80', 'log_cache_events': 'False', 'invocation_command': 'dbt run --project-dir /Users/nicolasvelazquez/documents/udesa/ingenieriadatos/examen_ing_de_sw_n_data_final/dbt', 'partial_parse': 'True', 'write_json': 'True', 'version_check': 'True', 'cache_selected_only': 'False', 'empty': 'False', 'target_path': 'None', 'send_anonymous_usage_stats': 'True', 'log_format': 'default', 'log_path': '/Users/nicolasvelazquez/documents/udesa/ingenieriadatos/examen_ing_de_sw_n_data_final/dbt/logs', 'introspect': 'True', 'quiet': 'False', 'no_print': 'None', 'debug': 'False', 'use_colors': 'True', 'profiles_dir': '/Users/nicolasvelazquez/documents/udesa/ingenieriadatos/examen_ing_de_sw_n_data_final/profiles', 'use_experimental_parser': 'False', 'warn_error': 'None', 'static_parser': 'True', 'fail_fast': 'False', 'indirect_selection': 'eager', 'warn_error_options': 'WarnErrorOptionsV2(error=[], warn=[], silence=[])'}
[0m12:39:20.591612 [debug] [MainThread]: Sending event: {'category': 'dbt', 'action': 'project_id', 'label': 'e30556db-8c8c-4f10-8ad8-8394e790df00', 'context': [<snowplow_tracker.self_describing_json.SelfDescribingJson object at 0x1091f2060>]}
[0m12:39:20.620381 [debug] [MainThread]: Sending event: {'category': 'dbt', 'action': 'adapter_info', 'label': 'e30556db-8c8c-4f10-8ad8-8394e790df00', 'context': [<snowplow_tracker.self_describing_json.SelfDescribingJson object at 0x109e27020>]}
[0m12:39:20.621873 [info ] [MainThread]: Registered adapter: duckdb=1.10.0
[0m12:39:20.678843 [debug] [MainThread]: checksum: 14a228079bd6df63ba81633f9a3cf44ecfaa31056ac397c602753ec895dbf885, vars: {}, profile: , target: , version: 1.10.15
[0m12:39:20.757375 [debug] [MainThread]: Partial parsing enabled: 0 files deleted, 1 files added, 0 files changed.
[0m12:39:20.757701 [debug] [MainThread]: Partial parsing: added file: medallion_dbt://tests/assert_amount_not_excessive.sql
[0m12:39:20.840465 [debug] [MainThread]: Sending event: {'category': 'dbt', 'action': 'load_project', 'label': 'e30556db-8c8c-4f10-8ad8-8394e790df00', 'context': [<snowplow_tracker.self_describing_json.SelfDescribingJson object at 0x10a3f6850>]}
[0m12:39:20.881394 [debug] [MainThread]: Wrote artifact WritableManifest to /Users/nicolasvelazquez/documents/udesa/ingenieriadatos/examen_ing_de_sw_n_data_final/dbt/target/manifest.json
[0m12:39:20.882973 [debug] [MainThread]: Wrote artifact SemanticManifest to /Users/nicolasvelazquez/documents/udesa/ingenieriadatos/examen_ing_de_sw_n_data_final/dbt/target/semantic_manifest.json
[0m12:39:20.929083 [debug] [MainThread]: Sending event: {'category': 'dbt', 'action': 'resource_counts', 'label': 'e30556db-8c8c-4f10-8ad8-8394e790df00', 'context': [<snowplow_tracker.self_describing_json.SelfDescribingJson object at 0x10a199a90>]}
[0m12:39:20.929362 [info ] [MainThread]: Found 2 models, 17 data tests, 469 macros
[0m12:39:20.929530 [debug] [MainThread]: Sending event: {'category': 'dbt', 'action': 'runnable_timing', 'label': 'e30556db-8c8c-4f10-8ad8-8394e790df00', 'context': [<snowplow_tracker.self_describing_json.SelfDescribingJson object at 0x10a1ab690>]}
[0m12:39:20.930509 [info ] [MainThread]: 
[0m12:39:20.930681 [info ] [MainThread]: Concurrency: 4 threads (target='dev')
[0m12:39:20.930817 [info ] [MainThread]: 
[0m12:39:20.931050 [debug] [MainThread]: Acquiring new duckdb connection 'master'
[0m12:39:20.933310 [debug] [ThreadPool]: Acquiring new duckdb connection 'list_medallion'
[0m12:39:20.964225 [debug] [ThreadPool]: Using duckdb connection "list_medallion"
[0m12:39:20.964472 [debug] [ThreadPool]: On list_medallion: /* {"app": "dbt", "dbt_version": "1.10.15", "profile_name": "medallion_duckdb", "target_name": "dev", "connection_name": "list_medallion"} */

    
    select schema_name
    from system.information_schema.schemata
    
    where lower(catalog_name) = '"medallion"'
    
  
  
[0m12:39:20.964621 [debug] [ThreadPool]: Opening a new connection, currently in state init
[0m12:39:20.983001 [debug] [ThreadPool]: SQL status: OK in 0.018 seconds
[0m12:39:20.983983 [debug] [ThreadPool]: On list_medallion: Close
[0m12:39:20.984350 [debug] [ThreadPool]: Re-using an available connection from the pool (formerly list_medallion, now create_medallion_main)
[0m12:39:20.984600 [debug] [ThreadPool]: Creating schema "database: "medallion"
schema: "main"
"
[0m12:39:20.987688 [debug] [ThreadPool]: Using duckdb connection "create_medallion_main"
[0m12:39:20.987855 [debug] [ThreadPool]: On create_medallion_main: /* {"app": "dbt", "dbt_version": "1.10.15", "profile_name": "medallion_duckdb", "target_name": "dev", "connection_name": "create_medallion_main"} */

    
        select type from duckdb_databases()
        where lower(database_name)='medallion'
        and type='sqlite'
    
  
[0m12:39:20.987988 [debug] [ThreadPool]: Opening a new connection, currently in state closed
[0m12:39:20.988552 [debug] [ThreadPool]: SQL status: OK in 0.001 seconds
[0m12:39:20.989141 [debug] [ThreadPool]: Using duckdb connection "create_medallion_main"
[0m12:39:20.989274 [debug] [ThreadPool]: On create_medallion_main: BEGIN
[0m12:39:20.989468 [debug] [ThreadPool]: SQL status: OK in 0.000 seconds
[0m12:39:20.989595 [debug] [ThreadPool]: Using duckdb connection "create_medallion_main"
[0m12:39:20.989719 [debug] [ThreadPool]: On create_medallion_main: /* {"app": "dbt", "dbt_version": "1.10.15", "profile_name": "medallion_duckdb", "target_name": "dev", "connection_name": "create_medallion_main"} */

    
    
        create schema if not exists "medallion"."main"
    
[0m12:39:20.990317 [debug] [ThreadPool]: SQL status: OK in 0.000 seconds
[0m12:39:20.990743 [debug] [ThreadPool]: On create_medallion_main: COMMIT
[0m12:39:20.990879 [debug] [ThreadPool]: Using duckdb connection "create_medallion_main"
[0m12:39:20.991001 [debug] [ThreadPool]: On create_medallion_main: COMMIT
[0m12:39:20.991184 [debug] [ThreadPool]: SQL status: OK in 0.000 seconds
[0m12:39:20.991314 [debug] [ThreadPool]: On create_medallion_main: Close
[0m12:39:20.991832 [debug] [ThreadPool]: Re-using an available connection from the pool (formerly create_medallion_main, now list_medallion_main)
[0m12:39:20.994506 [debug] [ThreadPool]: Using duckdb connection "list_medallion_main"
[0m12:39:20.994658 [debug] [ThreadPool]: On list_medallion_main: BEGIN
[0m12:39:20.994777 [debug] [ThreadPool]: Opening a new connection, currently in state closed
[0m12:39:20.994990 [debug] [ThreadPool]: SQL status: OK in 0.000 seconds
[0m12:39:20.995114 [debug] [ThreadPool]: Using duckdb connection "list_medallion_main"
[0m12:39:20.995247 [debug] [ThreadPool]: On list_medallion_main: /* {"app": "dbt", "dbt_version": "1.10.15", "profile_name": "medallion_duckdb", "target_name": "dev", "connection_name": "list_medallion_main"} */
select
      'medallion' as database,
      table_name as name,
      table_schema as schema,
      CASE table_type
        WHEN 'BASE TABLE' THEN 'table'
        WHEN 'VIEW' THEN 'view'
        WHEN 'LOCAL TEMPORARY' THEN 'table'
        END as type
    from system.information_schema.tables
    where lower(table_schema) = 'main'
    and lower(table_catalog) = 'medallion'
  
[0m12:39:21.003349 [debug] [ThreadPool]: SQL status: OK in 0.008 seconds
[0m12:39:21.004006 [debug] [ThreadPool]: On list_medallion_main: ROLLBACK
[0m12:39:21.004858 [debug] [ThreadPool]: Failed to rollback 'list_medallion_main'
[0m12:39:21.005001 [debug] [ThreadPool]: On list_medallion_main: Close
[0m12:39:21.005408 [debug] [MainThread]: Sending event: {'category': 'dbt', 'action': 'runnable_timing', 'label': 'e30556db-8c8c-4f10-8ad8-8394e790df00', 'context': [<snowplow_tracker.self_describing_json.SelfDescribingJson object at 0x10a717930>]}
[0m12:39:21.005630 [debug] [MainThread]: Using duckdb connection "master"
[0m12:39:21.005757 [debug] [MainThread]: On master: BEGIN
[0m12:39:21.005874 [debug] [MainThread]: Opening a new connection, currently in state init
[0m12:39:21.006094 [debug] [MainThread]: SQL status: OK in 0.000 seconds
[0m12:39:21.006221 [debug] [MainThread]: On master: COMMIT
[0m12:39:21.006338 [debug] [MainThread]: Using duckdb connection "master"
[0m12:39:21.006455 [debug] [MainThread]: On master: COMMIT
[0m12:39:21.006628 [debug] [MainThread]: SQL status: OK in 0.000 seconds
[0m12:39:21.006755 [debug] [MainThread]: On master: Close
[0m12:39:21.008317 [debug] [Thread-1 (]: Began running node model.medallion_dbt.stg_transactions
[0m12:39:21.008564 [info ] [Thread-1 (]: 1 of 2 START sql view model main.stg_transactions .............................. [RUN]
[0m12:39:21.008760 [debug] [Thread-1 (]: Re-using an available connection from the pool (formerly list_medallion_main, now model.medallion_dbt.stg_transactions)
[0m12:39:21.008925 [debug] [Thread-1 (]: Began compiling node model.medallion_dbt.stg_transactions
[0m12:39:21.013343 [debug] [Thread-1 (]: Writing injected SQL for node "model.medallion_dbt.stg_transactions"
[0m12:39:21.013868 [debug] [Thread-1 (]: Began executing node model.medallion_dbt.stg_transactions
[0m12:39:21.027754 [debug] [Thread-1 (]: Writing runtime sql for node "model.medallion_dbt.stg_transactions"
[0m12:39:21.028277 [debug] [Thread-1 (]: Using duckdb connection "model.medallion_dbt.stg_transactions"
[0m12:39:21.028451 [debug] [Thread-1 (]: On model.medallion_dbt.stg_transactions: BEGIN
[0m12:39:21.028604 [debug] [Thread-1 (]: Opening a new connection, currently in state closed
[0m12:39:21.028901 [debug] [Thread-1 (]: SQL status: OK in 0.000 seconds
[0m12:39:21.029061 [debug] [Thread-1 (]: Using duckdb connection "model.medallion_dbt.stg_transactions"
[0m12:39:21.029231 [debug] [Thread-1 (]: On model.medallion_dbt.stg_transactions: /* {"app": "dbt", "dbt_version": "1.10.15", "profile_name": "medallion_duckdb", "target_name": "dev", "node_id": "model.medallion_dbt.stg_transactions"} */

  
  create view "medallion"."main"."stg_transactions__dbt_tmp" as (
    


with source as (
    select *
    from read_parquet(
        '/Users/nicolasvelazquez/documents/udesa/ingenieriadatos/examen_ing_de_sw_n_data_final/data/clean/transactions_20251201_clean.parquet'
    )
)

select
    transaction_id,
    customer_id,
    transaction_date as transaction_ts, -- EL TEST PIDE transaction_ts
    transaction_date,                   -- Mantenemos la original por si acaso
    amount,
    status
from source
  );

[0m12:39:21.031812 [debug] [Thread-1 (]: SQL status: OK in 0.002 seconds
[0m12:39:21.034777 [debug] [Thread-1 (]: Using duckdb connection "model.medallion_dbt.stg_transactions"
[0m12:39:21.034964 [debug] [Thread-1 (]: On model.medallion_dbt.stg_transactions: /* {"app": "dbt", "dbt_version": "1.10.15", "profile_name": "medallion_duckdb", "target_name": "dev", "node_id": "model.medallion_dbt.stg_transactions"} */
alter view "medallion"."main"."stg_transactions" rename to "stg_transactions__dbt_backup"
[0m12:39:21.035919 [debug] [Thread-1 (]: SQL status: OK in 0.001 seconds
[0m12:39:21.037107 [debug] [Thread-1 (]: Using duckdb connection "model.medallion_dbt.stg_transactions"
[0m12:39:21.037277 [debug] [Thread-1 (]: On model.medallion_dbt.stg_transactions: /* {"app": "dbt", "dbt_version": "1.10.15", "profile_name": "medallion_duckdb", "target_name": "dev", "node_id": "model.medallion_dbt.stg_transactions"} */
alter view "medallion"."main"."stg_transactions__dbt_tmp" rename to "stg_transactions"
[0m12:39:21.037536 [debug] [Thread-1 (]: SQL status: OK in 0.000 seconds
[0m12:39:21.042883 [debug] [Thread-1 (]: On model.medallion_dbt.stg_transactions: COMMIT
[0m12:39:21.043072 [debug] [Thread-1 (]: Using duckdb connection "model.medallion_dbt.stg_transactions"
[0m12:39:21.043226 [debug] [Thread-1 (]: On model.medallion_dbt.stg_transactions: COMMIT
[0m12:39:21.044006 [debug] [Thread-1 (]: SQL status: OK in 0.001 seconds
[0m12:39:21.046554 [debug] [Thread-1 (]: Using duckdb connection "model.medallion_dbt.stg_transactions"
[0m12:39:21.046741 [debug] [Thread-1 (]: On model.medallion_dbt.stg_transactions: /* {"app": "dbt", "dbt_version": "1.10.15", "profile_name": "medallion_duckdb", "target_name": "dev", "node_id": "model.medallion_dbt.stg_transactions"} */

      drop view if exists "medallion"."main"."stg_transactions__dbt_backup" cascade
    
[0m12:39:21.047088 [debug] [Thread-1 (]: SQL status: OK in 0.000 seconds
[0m12:39:21.048206 [debug] [Thread-1 (]: On model.medallion_dbt.stg_transactions: Close
[0m12:39:21.049126 [debug] [Thread-1 (]: Sending event: {'category': 'dbt', 'action': 'run_model', 'label': 'e30556db-8c8c-4f10-8ad8-8394e790df00', 'context': [<snowplow_tracker.self_describing_json.SelfDescribingJson object at 0x10a11a210>]}
[0m12:39:21.049437 [info ] [Thread-1 (]: 1 of 2 OK created sql view model main.stg_transactions ......................... [[32mOK[0m in 0.04s]
[0m12:39:21.049691 [debug] [Thread-1 (]: Finished running node model.medallion_dbt.stg_transactions
[0m12:39:21.050031 [debug] [Thread-2 (]: Began running node model.medallion_dbt.fct_customer_transactions
[0m12:39:21.050314 [info ] [Thread-2 (]: 2 of 2 START sql table model main.fct_customer_transactions .................... [RUN]
[0m12:39:21.050575 [debug] [Thread-2 (]: Acquiring new duckdb connection 'model.medallion_dbt.fct_customer_transactions'
[0m12:39:21.050737 [debug] [Thread-2 (]: Began compiling node model.medallion_dbt.fct_customer_transactions
[0m12:39:21.051863 [debug] [Thread-2 (]: Writing injected SQL for node "model.medallion_dbt.fct_customer_transactions"
[0m12:39:21.052320 [debug] [Thread-2 (]: Began executing node model.medallion_dbt.fct_customer_transactions
[0m12:39:21.061299 [debug] [Thread-2 (]: Writing runtime sql for node "model.medallion_dbt.fct_customer_transactions"
[0m12:39:21.061665 [debug] [Thread-2 (]: Using duckdb connection "model.medallion_dbt.fct_customer_transactions"
[0m12:39:21.061836 [debug] [Thread-2 (]: On model.medallion_dbt.fct_customer_transactions: BEGIN
[0m12:39:21.061988 [debug] [Thread-2 (]: Opening a new connection, currently in state init
[0m12:39:21.062286 [debug] [Thread-2 (]: SQL status: OK in 0.000 seconds
[0m12:39:21.062439 [debug] [Thread-2 (]: Using duckdb connection "model.medallion_dbt.fct_customer_transactions"
[0m12:39:21.062620 [debug] [Thread-2 (]: On model.medallion_dbt.fct_customer_transactions: /* {"app": "dbt", "dbt_version": "1.10.15", "profile_name": "medallion_duckdb", "target_name": "dev", "node_id": "model.medallion_dbt.fct_customer_transactions"} */

  
    
    

    create  table
      "medallion"."main"."fct_customer_transactions__dbt_tmp"
  
    as (
      with transactions as (
    select * from "medallion"."main"."stg_transactions"
),

customer_stats as (
    select
        customer_id,
        
        -- Métrica 1: Cantidad de transacciones
        count(transaction_id) as transaction_count,
        
        -- Métrica 2: Monto total (todos los estados)
        sum(amount) as total_amount_all,
        
        -- Métrica 3: Monto solo de completados (logica condicional)
        sum(case when status = 'completed' then amount else 0 end) as total_amount_completed,
        
        -- Métrica 4: Última fecha
        max(transaction_ts) as last_transaction_date

    from transactions
    group by customer_id
)

select * from customer_stats
    );
  
  
[0m12:39:21.070389 [debug] [Thread-2 (]: SQL status: OK in 0.008 seconds
[0m12:39:21.073002 [debug] [Thread-2 (]: Using duckdb connection "model.medallion_dbt.fct_customer_transactions"
[0m12:39:21.073189 [debug] [Thread-2 (]: On model.medallion_dbt.fct_customer_transactions: /* {"app": "dbt", "dbt_version": "1.10.15", "profile_name": "medallion_duckdb", "target_name": "dev", "node_id": "model.medallion_dbt.fct_customer_transactions"} */

    SELECT index_name
    FROM duckdb_indexes()
    WHERE schema_name = 'main'
      AND table_name = 'fct_customer_transactions'
  
[0m12:39:21.073555 [debug] [Thread-2 (]: SQL status: OK in 0.000 seconds
[0m12:39:21.074151 [debug] [Thread-2 (]: Using duckdb connection "model.medallion_dbt.fct_customer_transactions"
[0m12:39:21.074315 [debug] [Thread-2 (]: On model.medallion_dbt.fct_customer_transactions: /* {"app": "dbt", "dbt_version": "1.10.15", "profile_name": "medallion_duckdb", "target_name": "dev", "node_id": "model.medallion_dbt.fct_customer_transactions"} */

    SELECT COUNT(*) as remaining_indexes
    FROM duckdb_indexes()
    WHERE schema_name = 'main'
      AND table_name = 'fct_customer_transactions'
  
[0m12:39:21.074677 [debug] [Thread-2 (]: SQL status: OK in 0.000 seconds
[0m12:39:21.076013 [debug] [Thread-2 (]: Using duckdb connection "model.medallion_dbt.fct_customer_transactions"
[0m12:39:21.076183 [debug] [Thread-2 (]: On model.medallion_dbt.fct_customer_transactions: /* {"app": "dbt", "dbt_version": "1.10.15", "profile_name": "medallion_duckdb", "target_name": "dev", "node_id": "model.medallion_dbt.fct_customer_transactions"} */
alter table "medallion"."main"."fct_customer_transactions" rename to "fct_customer_transactions__dbt_backup"
[0m12:39:21.076457 [debug] [Thread-2 (]: SQL status: OK in 0.000 seconds
[0m12:39:21.077607 [debug] [Thread-2 (]: Using duckdb connection "model.medallion_dbt.fct_customer_transactions"
[0m12:39:21.077783 [debug] [Thread-2 (]: On model.medallion_dbt.fct_customer_transactions: /* {"app": "dbt", "dbt_version": "1.10.15", "profile_name": "medallion_duckdb", "target_name": "dev", "node_id": "model.medallion_dbt.fct_customer_transactions"} */
alter table "medallion"."main"."fct_customer_transactions__dbt_tmp" rename to "fct_customer_transactions"
[0m12:39:21.078047 [debug] [Thread-2 (]: SQL status: OK in 0.000 seconds
[0m12:39:21.080180 [debug] [Thread-2 (]: On model.medallion_dbt.fct_customer_transactions: COMMIT
[0m12:39:21.080361 [debug] [Thread-2 (]: Using duckdb connection "model.medallion_dbt.fct_customer_transactions"
[0m12:39:21.080510 [debug] [Thread-2 (]: On model.medallion_dbt.fct_customer_transactions: COMMIT
[0m12:39:21.080851 [debug] [Thread-2 (]: SQL status: OK in 0.000 seconds
[0m12:39:21.082024 [debug] [Thread-2 (]: Using duckdb connection "model.medallion_dbt.fct_customer_transactions"
[0m12:39:21.082181 [debug] [Thread-2 (]: On model.medallion_dbt.fct_customer_transactions: /* {"app": "dbt", "dbt_version": "1.10.15", "profile_name": "medallion_duckdb", "target_name": "dev", "node_id": "model.medallion_dbt.fct_customer_transactions"} */

      drop table if exists "medallion"."main"."fct_customer_transactions__dbt_backup" cascade
    
[0m12:39:21.082529 [debug] [Thread-2 (]: SQL status: OK in 0.000 seconds
[0m12:39:21.083115 [debug] [Thread-2 (]: On model.medallion_dbt.fct_customer_transactions: Close
[0m12:39:21.083358 [debug] [Thread-2 (]: Sending event: {'category': 'dbt', 'action': 'run_model', 'label': 'e30556db-8c8c-4f10-8ad8-8394e790df00', 'context': [<snowplow_tracker.self_describing_json.SelfDescribingJson object at 0x10a58fb70>]}
[0m12:39:21.083642 [info ] [Thread-2 (]: 2 of 2 OK created sql table model main.fct_customer_transactions ............... [[32mOK[0m in 0.03s]
[0m12:39:21.083882 [debug] [Thread-2 (]: Finished running node model.medallion_dbt.fct_customer_transactions
[0m12:39:21.084449 [debug] [MainThread]: Using duckdb connection "master"
[0m12:39:21.084585 [debug] [MainThread]: On master: BEGIN
[0m12:39:21.084702 [debug] [MainThread]: Opening a new connection, currently in state closed
[0m12:39:21.084912 [debug] [MainThread]: SQL status: OK in 0.000 seconds
[0m12:39:21.085032 [debug] [MainThread]: On master: COMMIT
[0m12:39:21.085154 [debug] [MainThread]: Using duckdb connection "master"
[0m12:39:21.085268 [debug] [MainThread]: On master: COMMIT
[0m12:39:21.085438 [debug] [MainThread]: SQL status: OK in 0.000 seconds
[0m12:39:21.085560 [debug] [MainThread]: On master: Close
[0m12:39:21.085715 [debug] [MainThread]: Connection 'master' was properly closed.
[0m12:39:21.085828 [debug] [MainThread]: Connection 'model.medallion_dbt.stg_transactions' was properly closed.
[0m12:39:21.085930 [debug] [MainThread]: Connection 'model.medallion_dbt.fct_customer_transactions' was properly closed.
[0m12:39:21.086057 [info ] [MainThread]: 
[0m12:39:21.086206 [info ] [MainThread]: Finished running 1 table model, 1 view model in 0 hours 0 minutes and 0.16 seconds (0.16s).
[0m12:39:21.086535 [debug] [MainThread]: Command end result
[0m12:39:21.098015 [debug] [MainThread]: Wrote artifact WritableManifest to /Users/nicolasvelazquez/documents/udesa/ingenieriadatos/examen_ing_de_sw_n_data_final/dbt/target/manifest.json
[0m12:39:21.098935 [debug] [MainThread]: Wrote artifact SemanticManifest to /Users/nicolasvelazquez/documents/udesa/ingenieriadatos/examen_ing_de_sw_n_data_final/dbt/target/semantic_manifest.json
[0m12:39:21.101881 [debug] [MainThread]: Wrote artifact RunExecutionResult to /Users/nicolasvelazquez/documents/udesa/ingenieriadatos/examen_ing_de_sw_n_data_final/dbt/target/run_results.json
[0m12:39:21.102037 [info ] [MainThread]: 
[0m12:39:21.102208 [info ] [MainThread]: [32mCompleted successfully[0m
[0m12:39:21.102340 [info ] [MainThread]: 
[0m12:39:21.102485 [info ] [MainThread]: Done. PASS=2 WARN=0 ERROR=0 SKIP=0 NO-OP=0 TOTAL=2
[0m12:39:21.104101 [debug] [MainThread]: Resource report: {"command_name": "run", "command_success": true, "command_wall_clock_time": 0.7423833, "process_in_blocks": "0", "process_kernel_time": 0.202732, "process_mem_max_rss": "152895488", "process_out_blocks": "0", "process_user_time": 1.148702}
[0m12:39:21.104308 [debug] [MainThread]: Command `dbt run` succeeded at 12:39:21.104269 after 0.74 seconds
[0m12:39:21.104473 [debug] [MainThread]: Sending event: {'category': 'dbt', 'action': 'invocation', 'label': 'end', 'context': [<snowplow_tracker.self_describing_json.SelfDescribingJson object at 0x10a933070>, <snowplow_tracker.self_describing_json.SelfDescribingJson object at 0x10a767e30>, <snowplow_tracker.self_describing_json.SelfDescribingJson object at 0x10a1dc6d0>]}
[0m12:39:21.104636 [debug] [MainThread]: Flushing usage events
[0m12:39:22.037726 [debug] [MainThread]: An error was encountered while trying to flush usage events
[0m12:39:23.561742 [debug] [MainThread]: Sending event: {'category': 'dbt', 'action': 'invocation', 'label': 'start', 'context': [<snowplow_tracker.self_describing_json.SelfDescribingJson object at 0x10a1ab8c0>, <snowplow_tracker.self_describing_json.SelfDescribingJson object at 0x10b7e7890>, <snowplow_tracker.self_describing_json.SelfDescribingJson object at 0x10b7e79d0>]}


============================== 12:39:23.564079 | c9c15a1f-3339-47f2-bc19-3d468bf1796a ==============================
[0m12:39:23.564079 [info ] [MainThread]: Running with dbt=1.10.15
[0m12:39:23.564389 [debug] [MainThread]: running dbt with arguments {'warn_error': 'None', 'quiet': 'False', 'log_path': '/Users/nicolasvelazquez/documents/udesa/ingenieriadatos/examen_ing_de_sw_n_data_final/dbt/logs', 'no_print': 'None', 'warn_error_options': 'WarnErrorOptionsV2(error=[], warn=[], silence=[])', 'write_json': 'True', 'log_format': 'default', 'version_check': 'True', 'send_anonymous_usage_stats': 'True', 'indirect_selection': 'eager', 'introspect': 'True', 'cache_selected_only': 'False', 'log_cache_events': 'False', 'fail_fast': 'False', 'target_path': 'None', 'invocation_command': 'dbt test --project-dir /Users/nicolasvelazquez/documents/udesa/ingenieriadatos/examen_ing_de_sw_n_data_final/dbt', 'printer_width': '80', 'use_colors': 'True', 'partial_parse': 'True', 'static_parser': 'True', 'use_experimental_parser': 'False', 'debug': 'False', 'profiles_dir': '/Users/nicolasvelazquez/documents/udesa/ingenieriadatos/examen_ing_de_sw_n_data_final/profiles', 'empty': 'None'}
[0m12:39:23.669398 [debug] [MainThread]: Sending event: {'category': 'dbt', 'action': 'project_id', 'label': 'c9c15a1f-3339-47f2-bc19-3d468bf1796a', 'context': [<snowplow_tracker.self_describing_json.SelfDescribingJson object at 0x10aae6060>]}
[0m12:39:23.697830 [debug] [MainThread]: Sending event: {'category': 'dbt', 'action': 'adapter_info', 'label': 'c9c15a1f-3339-47f2-bc19-3d468bf1796a', 'context': [<snowplow_tracker.self_describing_json.SelfDescribingJson object at 0x10b71b020>]}
[0m12:39:23.698865 [info ] [MainThread]: Registered adapter: duckdb=1.10.0
[0m12:39:23.752298 [debug] [MainThread]: checksum: 14a228079bd6df63ba81633f9a3cf44ecfaa31056ac397c602753ec895dbf885, vars: {}, profile: , target: , version: 1.10.15
[0m12:39:23.809649 [debug] [MainThread]: Partial parsing enabled: 0 files deleted, 0 files added, 0 files changed.
[0m12:39:23.809869 [debug] [MainThread]: Partial parsing enabled, no changes found, skipping parsing
[0m12:39:23.830568 [debug] [MainThread]: Sending event: {'category': 'dbt', 'action': 'load_project', 'label': 'c9c15a1f-3339-47f2-bc19-3d468bf1796a', 'context': [<snowplow_tracker.self_describing_json.SelfDescribingJson object at 0x10bced650>]}
[0m12:39:23.870881 [debug] [MainThread]: Wrote artifact WritableManifest to /Users/nicolasvelazquez/documents/udesa/ingenieriadatos/examen_ing_de_sw_n_data_final/dbt/target/manifest.json
[0m12:39:23.871897 [debug] [MainThread]: Wrote artifact SemanticManifest to /Users/nicolasvelazquez/documents/udesa/ingenieriadatos/examen_ing_de_sw_n_data_final/dbt/target/semantic_manifest.json
[0m12:39:23.884273 [debug] [MainThread]: Sending event: {'category': 'dbt', 'action': 'resource_counts', 'label': 'c9c15a1f-3339-47f2-bc19-3d468bf1796a', 'context': [<snowplow_tracker.self_describing_json.SelfDescribingJson object at 0x10be21d60>]}
[0m12:39:23.884531 [info ] [MainThread]: Found 2 models, 17 data tests, 469 macros
[0m12:39:23.884694 [debug] [MainThread]: Sending event: {'category': 'dbt', 'action': 'runnable_timing', 'label': 'c9c15a1f-3339-47f2-bc19-3d468bf1796a', 'context': [<snowplow_tracker.self_describing_json.SelfDescribingJson object at 0x10becdd30>]}
[0m12:39:23.886060 [info ] [MainThread]: 
[0m12:39:23.886236 [info ] [MainThread]: Concurrency: 4 threads (target='dev')
[0m12:39:23.886368 [info ] [MainThread]: 
[0m12:39:23.886606 [debug] [MainThread]: Acquiring new duckdb connection 'master'
[0m12:39:23.888832 [debug] [ThreadPool]: Acquiring new duckdb connection 'list_medallion_main'
[0m12:39:23.913457 [debug] [ThreadPool]: Using duckdb connection "list_medallion_main"
[0m12:39:23.913677 [debug] [ThreadPool]: On list_medallion_main: BEGIN
[0m12:39:23.913810 [debug] [ThreadPool]: Opening a new connection, currently in state init
[0m12:39:23.919688 [debug] [ThreadPool]: SQL status: OK in 0.006 seconds
[0m12:39:23.919878 [debug] [ThreadPool]: Using duckdb connection "list_medallion_main"
[0m12:39:23.920019 [debug] [ThreadPool]: On list_medallion_main: /* {"app": "dbt", "dbt_version": "1.10.15", "profile_name": "medallion_duckdb", "target_name": "dev", "connection_name": "list_medallion_main"} */
select
      'medallion' as database,
      table_name as name,
      table_schema as schema,
      CASE table_type
        WHEN 'BASE TABLE' THEN 'table'
        WHEN 'VIEW' THEN 'view'
        WHEN 'LOCAL TEMPORARY' THEN 'table'
        END as type
    from system.information_schema.tables
    where lower(table_schema) = 'main'
    and lower(table_catalog) = 'medallion'
  
[0m12:39:23.925291 [debug] [ThreadPool]: SQL status: OK in 0.005 seconds
[0m12:39:23.926012 [debug] [ThreadPool]: On list_medallion_main: ROLLBACK
[0m12:39:23.926554 [debug] [ThreadPool]: Failed to rollback 'list_medallion_main'
[0m12:39:23.926695 [debug] [ThreadPool]: On list_medallion_main: Close
[0m12:39:23.927154 [debug] [MainThread]: Sending event: {'category': 'dbt', 'action': 'runnable_timing', 'label': 'c9c15a1f-3339-47f2-bc19-3d468bf1796a', 'context': [<snowplow_tracker.self_describing_json.SelfDescribingJson object at 0x10c134c80>]}
[0m12:39:23.927418 [debug] [MainThread]: Using duckdb connection "master"
[0m12:39:23.927559 [debug] [MainThread]: On master: BEGIN
[0m12:39:23.927686 [debug] [MainThread]: Opening a new connection, currently in state init
[0m12:39:23.927921 [debug] [MainThread]: SQL status: OK in 0.000 seconds
[0m12:39:23.928050 [debug] [MainThread]: On master: COMMIT
[0m12:39:23.928167 [debug] [MainThread]: Using duckdb connection "master"
[0m12:39:23.928279 [debug] [MainThread]: On master: COMMIT
[0m12:39:23.928454 [debug] [MainThread]: SQL status: OK in 0.000 seconds
[0m12:39:23.928574 [debug] [MainThread]: On master: Close
[0m12:39:23.929687 [debug] [Thread-1 (]: Began running node test.medallion_dbt.accepted_values_stg_transactions_status__completed__pending__failed.e52c83ab26
[0m12:39:23.929888 [info ] [Thread-1 (]: 1 of 17 START test accepted_values_stg_transactions_status__completed__pending__failed  [RUN]
[0m12:39:23.930088 [debug] [Thread-1 (]: Re-using an available connection from the pool (formerly list_medallion_main, now test.medallion_dbt.accepted_values_stg_transactions_status__completed__pending__failed.e52c83ab26)
[0m12:39:23.930251 [debug] [Thread-1 (]: Began compiling node test.medallion_dbt.accepted_values_stg_transactions_status__completed__pending__failed.e52c83ab26
[0m12:39:23.935868 [debug] [Thread-4 (]: Began running node test.medallion_dbt.non_negative_fct_customer_transactions_total_amount_completed.b85991a428
[0m12:39:23.936056 [info ] [Thread-4 (]: 4 of 17 START test non_negative_fct_customer_transactions_total_amount_completed  [RUN]
[0m12:39:23.973656 [debug] [Thread-1 (]: Writing injected SQL for node "test.medallion_dbt.accepted_values_stg_transactions_status__completed__pending__failed.e52c83ab26"
[0m12:39:23.973883 [debug] [Thread-3 (]: Began running node test.medallion_dbt.non_negative_fct_customer_transactions_total_amount_all.1032e62a89
[0m12:39:23.974061 [debug] [Thread-2 (]: Began running node test.medallion_dbt.assert_amount_not_excessive
[0m12:39:23.974310 [debug] [Thread-4 (]: Acquiring new duckdb connection 'test.medallion_dbt.non_negative_fct_customer_transactions_total_amount_completed.b85991a428'
[0m12:39:23.974581 [info ] [Thread-3 (]: 3 of 17 START test non_negative_fct_customer_transactions_total_amount_all ..... [RUN]
[0m12:39:23.974819 [info ] [Thread-2 (]: 2 of 17 START test assert_amount_not_excessive ................................. [RUN]
[0m12:39:23.975026 [debug] [Thread-4 (]: Began compiling node test.medallion_dbt.non_negative_fct_customer_transactions_total_amount_completed.b85991a428
[0m12:39:23.975278 [debug] [Thread-3 (]: Acquiring new duckdb connection 'test.medallion_dbt.non_negative_fct_customer_transactions_total_amount_all.1032e62a89'
[0m12:39:23.975483 [debug] [Thread-2 (]: Acquiring new duckdb connection 'test.medallion_dbt.assert_amount_not_excessive'
[0m12:39:23.975640 [debug] [Thread-1 (]: Began executing node test.medallion_dbt.accepted_values_stg_transactions_status__completed__pending__failed.e52c83ab26
[0m12:39:23.977755 [debug] [Thread-4 (]: Writing injected SQL for node "test.medallion_dbt.non_negative_fct_customer_transactions_total_amount_completed.b85991a428"
[0m12:39:23.977948 [debug] [Thread-3 (]: Began compiling node test.medallion_dbt.non_negative_fct_customer_transactions_total_amount_all.1032e62a89
[0m12:39:23.978127 [debug] [Thread-2 (]: Began compiling node test.medallion_dbt.assert_amount_not_excessive
[0m12:39:23.987178 [debug] [Thread-1 (]: Writing runtime sql for node "test.medallion_dbt.accepted_values_stg_transactions_status__completed__pending__failed.e52c83ab26"
[0m12:39:23.988741 [debug] [Thread-3 (]: Writing injected SQL for node "test.medallion_dbt.non_negative_fct_customer_transactions_total_amount_all.1032e62a89"
[0m12:39:23.989902 [debug] [Thread-2 (]: Writing injected SQL for node "test.medallion_dbt.assert_amount_not_excessive"
[0m12:39:23.990123 [debug] [Thread-4 (]: Began executing node test.medallion_dbt.non_negative_fct_customer_transactions_total_amount_completed.b85991a428
[0m12:39:23.991353 [debug] [Thread-4 (]: Writing runtime sql for node "test.medallion_dbt.non_negative_fct_customer_transactions_total_amount_completed.b85991a428"
[0m12:39:23.991639 [debug] [Thread-3 (]: Began executing node test.medallion_dbt.non_negative_fct_customer_transactions_total_amount_all.1032e62a89
[0m12:39:23.992495 [debug] [Thread-3 (]: Writing runtime sql for node "test.medallion_dbt.non_negative_fct_customer_transactions_total_amount_all.1032e62a89"
[0m12:39:23.992774 [debug] [Thread-1 (]: Using duckdb connection "test.medallion_dbt.accepted_values_stg_transactions_status__completed__pending__failed.e52c83ab26"
[0m12:39:23.992963 [debug] [Thread-1 (]: On test.medallion_dbt.accepted_values_stg_transactions_status__completed__pending__failed.e52c83ab26: BEGIN
[0m12:39:23.993127 [debug] [Thread-1 (]: Opening a new connection, currently in state closed
[0m12:39:23.993434 [debug] [Thread-4 (]: Using duckdb connection "test.medallion_dbt.non_negative_fct_customer_transactions_total_amount_completed.b85991a428"
[0m12:39:23.993612 [debug] [Thread-4 (]: On test.medallion_dbt.non_negative_fct_customer_transactions_total_amount_completed.b85991a428: BEGIN
[0m12:39:23.993779 [debug] [Thread-2 (]: Began executing node test.medallion_dbt.assert_amount_not_excessive
[0m12:39:23.993959 [debug] [Thread-1 (]: SQL status: OK in 0.001 seconds
[0m12:39:23.994118 [debug] [Thread-4 (]: Opening a new connection, currently in state init
[0m12:39:23.994295 [debug] [Thread-3 (]: Using duckdb connection "test.medallion_dbt.non_negative_fct_customer_transactions_total_amount_all.1032e62a89"
[0m12:39:23.995307 [debug] [Thread-2 (]: Writing runtime sql for node "test.medallion_dbt.assert_amount_not_excessive"
[0m12:39:23.995482 [debug] [Thread-1 (]: Using duckdb connection "test.medallion_dbt.accepted_values_stg_transactions_status__completed__pending__failed.e52c83ab26"
[0m12:39:23.995704 [debug] [Thread-3 (]: On test.medallion_dbt.non_negative_fct_customer_transactions_total_amount_all.1032e62a89: BEGIN
[0m12:39:23.995893 [debug] [Thread-4 (]: SQL status: OK in 0.002 seconds
[0m12:39:23.996070 [debug] [Thread-1 (]: On test.medallion_dbt.accepted_values_stg_transactions_status__completed__pending__failed.e52c83ab26: /* {"app": "dbt", "dbt_version": "1.10.15", "profile_name": "medallion_duckdb", "target_name": "dev", "node_id": "test.medallion_dbt.accepted_values_stg_transactions_status__completed__pending__failed.e52c83ab26"} */

    select
      count(*) as failures,
      count(*) != 0 as should_warn,
      count(*) != 0 as should_error
    from (
      
    
  
    
    

with all_values as (

    select
        status as value_field,
        count(*) as n_records

    from "medallion"."main"."stg_transactions"
    group by status

)

select *
from all_values
where value_field not in (
    'completed','pending','failed'
)



  
  
      
    ) dbt_internal_test
[0m12:39:23.996249 [debug] [Thread-3 (]: Opening a new connection, currently in state init
[0m12:39:23.996421 [debug] [Thread-4 (]: Using duckdb connection "test.medallion_dbt.non_negative_fct_customer_transactions_total_amount_completed.b85991a428"
[0m12:39:23.996769 [debug] [Thread-4 (]: On test.medallion_dbt.non_negative_fct_customer_transactions_total_amount_completed.b85991a428: /* {"app": "dbt", "dbt_version": "1.10.15", "profile_name": "medallion_duckdb", "target_name": "dev", "node_id": "test.medallion_dbt.non_negative_fct_customer_transactions_total_amount_completed.b85991a428"} */

    select
      count(*) as failures,
      count(*) != 0 as should_warn,
      count(*) != 0 as should_error
    from (
      
    
  

-- TODO: Implementar el test para verificar que los valores en la columna son no negativos y no nulos.

select
    total_amount_completed
from "medallion"."main"."fct_customer_transactions"
where total_amount_completed < 0 or total_amount_completed is null


  
  
      
    ) dbt_internal_test
[0m12:39:23.997026 [debug] [Thread-3 (]: SQL status: OK in 0.001 seconds
[0m12:39:23.997227 [debug] [Thread-2 (]: Using duckdb connection "test.medallion_dbt.assert_amount_not_excessive"
[0m12:39:23.997425 [debug] [Thread-3 (]: Using duckdb connection "test.medallion_dbt.non_negative_fct_customer_transactions_total_amount_all.1032e62a89"
[0m12:39:23.997608 [debug] [Thread-2 (]: On test.medallion_dbt.assert_amount_not_excessive: BEGIN
[0m12:39:23.997770 [debug] [Thread-4 (]: SQL status: OK in 0.001 seconds
[0m12:39:23.997940 [debug] [Thread-3 (]: On test.medallion_dbt.non_negative_fct_customer_transactions_total_amount_all.1032e62a89: /* {"app": "dbt", "dbt_version": "1.10.15", "profile_name": "medallion_duckdb", "target_name": "dev", "node_id": "test.medallion_dbt.non_negative_fct_customer_transactions_total_amount_all.1032e62a89"} */

    select
      count(*) as failures,
      count(*) != 0 as should_warn,
      count(*) != 0 as should_error
    from (
      
    
  

-- TODO: Implementar el test para verificar que los valores en la columna son no negativos y no nulos.

select
    total_amount_all
from "medallion"."main"."fct_customer_transactions"
where total_amount_all < 0 or total_amount_all is null


  
  
      
    ) dbt_internal_test
[0m12:39:23.998119 [debug] [Thread-1 (]: SQL status: OK in 0.002 seconds
[0m12:39:23.998275 [debug] [Thread-2 (]: Opening a new connection, currently in state init
[0m12:39:24.000383 [debug] [Thread-4 (]: On test.medallion_dbt.non_negative_fct_customer_transactions_total_amount_completed.b85991a428: ROLLBACK
[0m12:39:24.001232 [debug] [Thread-1 (]: On test.medallion_dbt.accepted_values_stg_transactions_status__completed__pending__failed.e52c83ab26: ROLLBACK
[0m12:39:24.001570 [debug] [Thread-4 (]: Failed to rollback 'test.medallion_dbt.non_negative_fct_customer_transactions_total_amount_completed.b85991a428'
[0m12:39:24.001784 [debug] [Thread-2 (]: SQL status: OK in 0.003 seconds
[0m12:39:24.001949 [debug] [Thread-4 (]: On test.medallion_dbt.non_negative_fct_customer_transactions_total_amount_completed.b85991a428: Close
[0m12:39:24.002120 [debug] [Thread-3 (]: SQL status: OK in 0.002 seconds
[0m12:39:24.002372 [debug] [Thread-1 (]: Failed to rollback 'test.medallion_dbt.accepted_values_stg_transactions_status__completed__pending__failed.e52c83ab26'
[0m12:39:24.002542 [debug] [Thread-2 (]: Using duckdb connection "test.medallion_dbt.assert_amount_not_excessive"
[0m12:39:24.003229 [debug] [Thread-3 (]: On test.medallion_dbt.non_negative_fct_customer_transactions_total_amount_all.1032e62a89: ROLLBACK
[0m12:39:24.003391 [debug] [Thread-1 (]: On test.medallion_dbt.accepted_values_stg_transactions_status__completed__pending__failed.e52c83ab26: Close
[0m12:39:24.003668 [info ] [Thread-4 (]: 4 of 17 PASS non_negative_fct_customer_transactions_total_amount_completed ..... [[32mPASS[0m in 0.03s]
[0m12:39:24.003870 [debug] [Thread-2 (]: On test.medallion_dbt.assert_amount_not_excessive: /* {"app": "dbt", "dbt_version": "1.10.15", "profile_name": "medallion_duckdb", "target_name": "dev", "node_id": "test.medallion_dbt.assert_amount_not_excessive"} */

    select
      count(*) as failures,
      count(*) != 0 as should_warn,
      count(*) != 0 as should_error
    from (
      
    
  -- Este test falla si encuentra transacciones con montos sospechosamente altos
select
    transaction_id,
    amount
from "medallion"."main"."stg_transactions"
where amount > 100000
  
  
      
    ) dbt_internal_test
[0m12:39:24.004165 [debug] [Thread-3 (]: Failed to rollback 'test.medallion_dbt.non_negative_fct_customer_transactions_total_amount_all.1032e62a89'
[0m12:39:24.004411 [info ] [Thread-1 (]: 1 of 17 PASS accepted_values_stg_transactions_status__completed__pending__failed  [[32mPASS[0m in 0.07s]
[0m12:39:24.004666 [debug] [Thread-4 (]: Finished running node test.medallion_dbt.non_negative_fct_customer_transactions_total_amount_completed.b85991a428
[0m12:39:24.004892 [debug] [Thread-3 (]: On test.medallion_dbt.non_negative_fct_customer_transactions_total_amount_all.1032e62a89: Close
[0m12:39:24.005136 [debug] [Thread-1 (]: Finished running node test.medallion_dbt.accepted_values_stg_transactions_status__completed__pending__failed.e52c83ab26
[0m12:39:24.005335 [debug] [Thread-4 (]: Began running node test.medallion_dbt.non_negative_fct_customer_transactions_transaction_count.df8b0df1a4
[0m12:39:24.005534 [debug] [Thread-2 (]: SQL status: OK in 0.001 seconds
[0m12:39:24.005917 [debug] [Thread-1 (]: Began running node test.medallion_dbt.non_negative_stg_transactions_amount.cc30daf733
[0m12:39:24.005764 [info ] [Thread-3 (]: 3 of 17 PASS non_negative_fct_customer_transactions_total_amount_all ........... [[32mPASS[0m in 0.03s]
[0m12:39:24.006147 [info ] [Thread-4 (]: 5 of 17 START test non_negative_fct_customer_transactions_transaction_count .... [RUN]
[0m12:39:24.006810 [debug] [Thread-2 (]: On test.medallion_dbt.assert_amount_not_excessive: ROLLBACK
[0m12:39:24.006968 [info ] [Thread-1 (]: 6 of 17 START test non_negative_stg_transactions_amount ........................ [RUN]
[0m12:39:24.007219 [debug] [Thread-3 (]: Finished running node test.medallion_dbt.non_negative_fct_customer_transactions_total_amount_all.1032e62a89
[0m12:39:24.007408 [debug] [Thread-4 (]: Re-using an available connection from the pool (formerly test.medallion_dbt.non_negative_fct_customer_transactions_total_amount_completed.b85991a428, now test.medallion_dbt.non_negative_fct_customer_transactions_transaction_count.df8b0df1a4)
[0m12:39:24.007675 [debug] [Thread-2 (]: Failed to rollback 'test.medallion_dbt.assert_amount_not_excessive'
[0m12:39:24.007834 [debug] [Thread-1 (]: Re-using an available connection from the pool (formerly test.medallion_dbt.accepted_values_stg_transactions_status__completed__pending__failed.e52c83ab26, now test.medallion_dbt.non_negative_stg_transactions_amount.cc30daf733)
[0m12:39:24.008005 [debug] [Thread-3 (]: Began running node test.medallion_dbt.not_null_fct_customer_transactions_customer_id.8253bbdb2c
[0m12:39:24.008172 [debug] [Thread-4 (]: Began compiling node test.medallion_dbt.non_negative_fct_customer_transactions_transaction_count.df8b0df1a4
[0m12:39:24.008323 [debug] [Thread-2 (]: On test.medallion_dbt.assert_amount_not_excessive: Close
[0m12:39:24.008475 [debug] [Thread-1 (]: Began compiling node test.medallion_dbt.non_negative_stg_transactions_amount.cc30daf733
[0m12:39:24.008641 [info ] [Thread-3 (]: 7 of 17 START test not_null_fct_customer_transactions_customer_id .............. [RUN]
[0m12:39:24.010393 [debug] [Thread-4 (]: Writing injected SQL for node "test.medallion_dbt.non_negative_fct_customer_transactions_transaction_count.df8b0df1a4"
[0m12:39:24.010667 [info ] [Thread-2 (]: 2 of 17 PASS assert_amount_not_excessive ....................................... [[32mPASS[0m in 0.04s]
[0m12:39:24.012269 [debug] [Thread-1 (]: Writing injected SQL for node "test.medallion_dbt.non_negative_stg_transactions_amount.cc30daf733"
[0m12:39:24.012461 [debug] [Thread-3 (]: Re-using an available connection from the pool (formerly test.medallion_dbt.non_negative_fct_customer_transactions_total_amount_all.1032e62a89, now test.medallion_dbt.not_null_fct_customer_transactions_customer_id.8253bbdb2c)
[0m12:39:24.012730 [debug] [Thread-2 (]: Finished running node test.medallion_dbt.assert_amount_not_excessive
[0m12:39:24.012940 [debug] [Thread-3 (]: Began compiling node test.medallion_dbt.not_null_fct_customer_transactions_customer_id.8253bbdb2c
[0m12:39:24.013122 [debug] [Thread-2 (]: Began running node test.medallion_dbt.not_null_fct_customer_transactions_total_amount_all.0a661a703f
[0m12:39:24.016386 [debug] [Thread-3 (]: Writing injected SQL for node "test.medallion_dbt.not_null_fct_customer_transactions_customer_id.8253bbdb2c"
[0m12:39:24.016593 [debug] [Thread-1 (]: Began executing node test.medallion_dbt.non_negative_stg_transactions_amount.cc30daf733
[0m12:39:24.016767 [debug] [Thread-4 (]: Began executing node test.medallion_dbt.non_negative_fct_customer_transactions_transaction_count.df8b0df1a4
[0m12:39:24.016947 [info ] [Thread-2 (]: 8 of 17 START test not_null_fct_customer_transactions_total_amount_all ......... [RUN]
[0m12:39:24.017866 [debug] [Thread-1 (]: Writing runtime sql for node "test.medallion_dbt.non_negative_stg_transactions_amount.cc30daf733"
[0m12:39:24.018865 [debug] [Thread-4 (]: Writing runtime sql for node "test.medallion_dbt.non_negative_fct_customer_transactions_transaction_count.df8b0df1a4"
[0m12:39:24.019073 [debug] [Thread-2 (]: Re-using an available connection from the pool (formerly test.medallion_dbt.assert_amount_not_excessive, now test.medallion_dbt.not_null_fct_customer_transactions_total_amount_all.0a661a703f)
[0m12:39:24.019340 [debug] [Thread-2 (]: Began compiling node test.medallion_dbt.not_null_fct_customer_transactions_total_amount_all.0a661a703f
[0m12:39:24.021002 [debug] [Thread-2 (]: Writing injected SQL for node "test.medallion_dbt.not_null_fct_customer_transactions_total_amount_all.0a661a703f"
[0m12:39:24.021245 [debug] [Thread-3 (]: Began executing node test.medallion_dbt.not_null_fct_customer_transactions_customer_id.8253bbdb2c
[0m12:39:24.022132 [debug] [Thread-3 (]: Writing runtime sql for node "test.medallion_dbt.not_null_fct_customer_transactions_customer_id.8253bbdb2c"
[0m12:39:24.022384 [debug] [Thread-4 (]: Using duckdb connection "test.medallion_dbt.non_negative_fct_customer_transactions_transaction_count.df8b0df1a4"
[0m12:39:24.022602 [debug] [Thread-1 (]: Using duckdb connection "test.medallion_dbt.non_negative_stg_transactions_amount.cc30daf733"
[0m12:39:24.022770 [debug] [Thread-4 (]: On test.medallion_dbt.non_negative_fct_customer_transactions_transaction_count.df8b0df1a4: BEGIN
[0m12:39:24.022951 [debug] [Thread-1 (]: On test.medallion_dbt.non_negative_stg_transactions_amount.cc30daf733: BEGIN
[0m12:39:24.023116 [debug] [Thread-4 (]: Opening a new connection, currently in state closed
[0m12:39:24.023271 [debug] [Thread-1 (]: Opening a new connection, currently in state closed
[0m12:39:24.023624 [debug] [Thread-4 (]: SQL status: OK in 0.001 seconds
[0m12:39:24.023813 [debug] [Thread-4 (]: Using duckdb connection "test.medallion_dbt.non_negative_fct_customer_transactions_transaction_count.df8b0df1a4"
[0m12:39:24.023993 [debug] [Thread-2 (]: Began executing node test.medallion_dbt.not_null_fct_customer_transactions_total_amount_all.0a661a703f
[0m12:39:24.024163 [debug] [Thread-3 (]: Using duckdb connection "test.medallion_dbt.not_null_fct_customer_transactions_customer_id.8253bbdb2c"
[0m12:39:24.024311 [debug] [Thread-1 (]: SQL status: OK in 0.001 seconds
[0m12:39:24.024478 [debug] [Thread-4 (]: On test.medallion_dbt.non_negative_fct_customer_transactions_transaction_count.df8b0df1a4: /* {"app": "dbt", "dbt_version": "1.10.15", "profile_name": "medallion_duckdb", "target_name": "dev", "node_id": "test.medallion_dbt.non_negative_fct_customer_transactions_transaction_count.df8b0df1a4"} */

    select
      count(*) as failures,
      count(*) != 0 as should_warn,
      count(*) != 0 as should_error
    from (
      
    
  

-- TODO: Implementar el test para verificar que los valores en la columna son no negativos y no nulos.

select
    transaction_count
from "medallion"."main"."fct_customer_transactions"
where transaction_count < 0 or transaction_count is null


  
  
      
    ) dbt_internal_test
[0m12:39:24.025564 [debug] [Thread-2 (]: Writing runtime sql for node "test.medallion_dbt.not_null_fct_customer_transactions_total_amount_all.0a661a703f"
[0m12:39:24.025742 [debug] [Thread-3 (]: On test.medallion_dbt.not_null_fct_customer_transactions_customer_id.8253bbdb2c: BEGIN
[0m12:39:24.025908 [debug] [Thread-1 (]: Using duckdb connection "test.medallion_dbt.non_negative_stg_transactions_amount.cc30daf733"
[0m12:39:24.026196 [debug] [Thread-3 (]: Opening a new connection, currently in state closed
[0m12:39:24.026404 [debug] [Thread-1 (]: On test.medallion_dbt.non_negative_stg_transactions_amount.cc30daf733: /* {"app": "dbt", "dbt_version": "1.10.15", "profile_name": "medallion_duckdb", "target_name": "dev", "node_id": "test.medallion_dbt.non_negative_stg_transactions_amount.cc30daf733"} */

    select
      count(*) as failures,
      count(*) != 0 as should_warn,
      count(*) != 0 as should_error
    from (
      
    
  

-- TODO: Implementar el test para verificar que los valores en la columna son no negativos y no nulos.

select
    amount
from "medallion"."main"."stg_transactions"
where amount < 0 or amount is null


  
  
      
    ) dbt_internal_test
[0m12:39:24.026658 [debug] [Thread-4 (]: SQL status: OK in 0.001 seconds
[0m12:39:24.026875 [debug] [Thread-3 (]: SQL status: OK in 0.001 seconds
[0m12:39:24.027059 [debug] [Thread-2 (]: Using duckdb connection "test.medallion_dbt.not_null_fct_customer_transactions_total_amount_all.0a661a703f"
[0m12:39:24.027810 [debug] [Thread-4 (]: On test.medallion_dbt.non_negative_fct_customer_transactions_transaction_count.df8b0df1a4: ROLLBACK
[0m12:39:24.027974 [debug] [Thread-3 (]: Using duckdb connection "test.medallion_dbt.not_null_fct_customer_transactions_customer_id.8253bbdb2c"
[0m12:39:24.028143 [debug] [Thread-2 (]: On test.medallion_dbt.not_null_fct_customer_transactions_total_amount_all.0a661a703f: BEGIN
[0m12:39:24.028302 [debug] [Thread-1 (]: SQL status: OK in 0.001 seconds
[0m12:39:24.028593 [debug] [Thread-4 (]: Failed to rollback 'test.medallion_dbt.non_negative_fct_customer_transactions_transaction_count.df8b0df1a4'
[0m12:39:24.028770 [debug] [Thread-3 (]: On test.medallion_dbt.not_null_fct_customer_transactions_customer_id.8253bbdb2c: /* {"app": "dbt", "dbt_version": "1.10.15", "profile_name": "medallion_duckdb", "target_name": "dev", "node_id": "test.medallion_dbt.not_null_fct_customer_transactions_customer_id.8253bbdb2c"} */

    select
      count(*) as failures,
      count(*) != 0 as should_warn,
      count(*) != 0 as should_error
    from (
      
    
  
    
    



select customer_id
from "medallion"."main"."fct_customer_transactions"
where customer_id is null



  
  
      
    ) dbt_internal_test
[0m12:39:24.028948 [debug] [Thread-2 (]: Opening a new connection, currently in state closed
[0m12:39:24.029602 [debug] [Thread-1 (]: On test.medallion_dbt.non_negative_stg_transactions_amount.cc30daf733: ROLLBACK
[0m12:39:24.029766 [debug] [Thread-4 (]: On test.medallion_dbt.non_negative_fct_customer_transactions_transaction_count.df8b0df1a4: Close
[0m12:39:24.030176 [debug] [Thread-1 (]: Failed to rollback 'test.medallion_dbt.non_negative_stg_transactions_amount.cc30daf733'
[0m12:39:24.030366 [debug] [Thread-2 (]: SQL status: OK in 0.001 seconds
[0m12:39:24.030531 [debug] [Thread-3 (]: SQL status: OK in 0.001 seconds
[0m12:39:24.030779 [info ] [Thread-4 (]: 5 of 17 PASS non_negative_fct_customer_transactions_transaction_count .......... [[32mPASS[0m in 0.02s]
[0m12:39:24.030959 [debug] [Thread-1 (]: On test.medallion_dbt.non_negative_stg_transactions_amount.cc30daf733: Close
[0m12:39:24.031132 [debug] [Thread-2 (]: Using duckdb connection "test.medallion_dbt.not_null_fct_customer_transactions_total_amount_all.0a661a703f"
[0m12:39:24.031753 [debug] [Thread-3 (]: On test.medallion_dbt.not_null_fct_customer_transactions_customer_id.8253bbdb2c: ROLLBACK
[0m12:39:24.031984 [debug] [Thread-4 (]: Finished running node test.medallion_dbt.non_negative_fct_customer_transactions_transaction_count.df8b0df1a4
[0m12:39:24.032237 [info ] [Thread-1 (]: 6 of 17 PASS non_negative_stg_transactions_amount .............................. [[32mPASS[0m in 0.02s]
[0m12:39:24.032429 [debug] [Thread-2 (]: On test.medallion_dbt.not_null_fct_customer_transactions_total_amount_all.0a661a703f: /* {"app": "dbt", "dbt_version": "1.10.15", "profile_name": "medallion_duckdb", "target_name": "dev", "node_id": "test.medallion_dbt.not_null_fct_customer_transactions_total_amount_all.0a661a703f"} */

    select
      count(*) as failures,
      count(*) != 0 as should_warn,
      count(*) != 0 as should_error
    from (
      
    
  
    
    



select total_amount_all
from "medallion"."main"."fct_customer_transactions"
where total_amount_all is null



  
  
      
    ) dbt_internal_test
[0m12:39:24.032720 [debug] [Thread-3 (]: Failed to rollback 'test.medallion_dbt.not_null_fct_customer_transactions_customer_id.8253bbdb2c'
[0m12:39:24.032897 [debug] [Thread-4 (]: Began running node test.medallion_dbt.not_null_fct_customer_transactions_total_amount_completed.989f790418
[0m12:39:24.033143 [debug] [Thread-1 (]: Finished running node test.medallion_dbt.non_negative_stg_transactions_amount.cc30daf733
[0m12:39:24.033356 [debug] [Thread-3 (]: On test.medallion_dbt.not_null_fct_customer_transactions_customer_id.8253bbdb2c: Close
[0m12:39:24.033534 [info ] [Thread-4 (]: 9 of 17 START test not_null_fct_customer_transactions_total_amount_completed ... [RUN]
[0m12:39:24.033708 [debug] [Thread-2 (]: SQL status: OK in 0.000 seconds
[0m12:39:24.033881 [debug] [Thread-1 (]: Began running node test.medallion_dbt.not_null_fct_customer_transactions_transaction_count.7466a4c02e
[0m12:39:24.034134 [info ] [Thread-3 (]: 7 of 17 PASS not_null_fct_customer_transactions_customer_id .................... [[32mPASS[0m in 0.02s]
[0m12:39:24.034327 [debug] [Thread-4 (]: Re-using an available connection from the pool (formerly test.medallion_dbt.non_negative_fct_customer_transactions_transaction_count.df8b0df1a4, now test.medallion_dbt.not_null_fct_customer_transactions_total_amount_completed.989f790418)
[0m12:39:24.034967 [debug] [Thread-2 (]: On test.medallion_dbt.not_null_fct_customer_transactions_total_amount_all.0a661a703f: ROLLBACK
[0m12:39:24.035130 [info ] [Thread-1 (]: 10 of 17 START test not_null_fct_customer_transactions_transaction_count ....... [RUN]
[0m12:39:24.035376 [debug] [Thread-3 (]: Finished running node test.medallion_dbt.not_null_fct_customer_transactions_customer_id.8253bbdb2c
[0m12:39:24.035538 [debug] [Thread-4 (]: Began compiling node test.medallion_dbt.not_null_fct_customer_transactions_total_amount_completed.989f790418
[0m12:39:24.035813 [debug] [Thread-2 (]: Failed to rollback 'test.medallion_dbt.not_null_fct_customer_transactions_total_amount_all.0a661a703f'
[0m12:39:24.035986 [debug] [Thread-1 (]: Re-using an available connection from the pool (formerly test.medallion_dbt.non_negative_stg_transactions_amount.cc30daf733, now test.medallion_dbt.not_null_fct_customer_transactions_transaction_count.7466a4c02e)
[0m12:39:24.036165 [debug] [Thread-3 (]: Began running node test.medallion_dbt.not_null_stg_transactions_amount.3629b5421e
[0m12:39:24.037916 [debug] [Thread-4 (]: Writing injected SQL for node "test.medallion_dbt.not_null_fct_customer_transactions_total_amount_completed.989f790418"
[0m12:39:24.038099 [debug] [Thread-2 (]: On test.medallion_dbt.not_null_fct_customer_transactions_total_amount_all.0a661a703f: Close
[0m12:39:24.038267 [debug] [Thread-1 (]: Began compiling node test.medallion_dbt.not_null_fct_customer_transactions_transaction_count.7466a4c02e
[0m12:39:24.038435 [info ] [Thread-3 (]: 11 of 17 START test not_null_stg_transactions_amount ........................... [RUN]
[0m12:39:24.040488 [debug] [Thread-1 (]: Writing injected SQL for node "test.medallion_dbt.not_null_fct_customer_transactions_transaction_count.7466a4c02e"
[0m12:39:24.038731 [info ] [Thread-2 (]: 8 of 17 PASS not_null_fct_customer_transactions_total_amount_all ............... [[32mPASS[0m in 0.02s]
[0m12:39:24.040792 [debug] [Thread-3 (]: Re-using an available connection from the pool (formerly test.medallion_dbt.not_null_fct_customer_transactions_customer_id.8253bbdb2c, now test.medallion_dbt.not_null_stg_transactions_amount.3629b5421e)
[0m12:39:24.040985 [debug] [Thread-4 (]: Began executing node test.medallion_dbt.not_null_fct_customer_transactions_total_amount_completed.989f790418
[0m12:39:24.041235 [debug] [Thread-2 (]: Finished running node test.medallion_dbt.not_null_fct_customer_transactions_total_amount_all.0a661a703f
[0m12:39:24.041392 [debug] [Thread-3 (]: Began compiling node test.medallion_dbt.not_null_stg_transactions_amount.3629b5421e
[0m12:39:24.042281 [debug] [Thread-4 (]: Writing runtime sql for node "test.medallion_dbt.not_null_fct_customer_transactions_total_amount_completed.989f790418"
[0m12:39:24.042463 [debug] [Thread-2 (]: Began running node test.medallion_dbt.not_null_stg_transactions_customer_id.ea7b0d99bf
[0m12:39:24.042606 [debug] [Thread-1 (]: Began executing node test.medallion_dbt.not_null_fct_customer_transactions_transaction_count.7466a4c02e
[0m12:39:24.044175 [debug] [Thread-3 (]: Writing injected SQL for node "test.medallion_dbt.not_null_stg_transactions_amount.3629b5421e"
[0m12:39:24.044406 [info ] [Thread-2 (]: 12 of 17 START test not_null_stg_transactions_customer_id ...................... [RUN]
[0m12:39:24.045526 [debug] [Thread-1 (]: Writing runtime sql for node "test.medallion_dbt.not_null_fct_customer_transactions_transaction_count.7466a4c02e"
[0m12:39:24.045761 [debug] [Thread-2 (]: Re-using an available connection from the pool (formerly test.medallion_dbt.not_null_fct_customer_transactions_total_amount_all.0a661a703f, now test.medallion_dbt.not_null_stg_transactions_customer_id.ea7b0d99bf)
[0m12:39:24.045958 [debug] [Thread-4 (]: Using duckdb connection "test.medallion_dbt.not_null_fct_customer_transactions_total_amount_completed.989f790418"
[0m12:39:24.046166 [debug] [Thread-3 (]: Began executing node test.medallion_dbt.not_null_stg_transactions_amount.3629b5421e
[0m12:39:24.046335 [debug] [Thread-2 (]: Began compiling node test.medallion_dbt.not_null_stg_transactions_customer_id.ea7b0d99bf
[0m12:39:24.046500 [debug] [Thread-4 (]: On test.medallion_dbt.not_null_fct_customer_transactions_total_amount_completed.989f790418: BEGIN
[0m12:39:24.047369 [debug] [Thread-3 (]: Writing runtime sql for node "test.medallion_dbt.not_null_stg_transactions_amount.3629b5421e"
[0m12:39:24.049070 [debug] [Thread-2 (]: Writing injected SQL for node "test.medallion_dbt.not_null_stg_transactions_customer_id.ea7b0d99bf"
[0m12:39:24.049259 [debug] [Thread-1 (]: Using duckdb connection "test.medallion_dbt.not_null_fct_customer_transactions_transaction_count.7466a4c02e"
[0m12:39:24.049425 [debug] [Thread-4 (]: Opening a new connection, currently in state closed
[0m12:39:24.049660 [debug] [Thread-1 (]: On test.medallion_dbt.not_null_fct_customer_transactions_transaction_count.7466a4c02e: BEGIN
[0m12:39:24.049982 [debug] [Thread-1 (]: Opening a new connection, currently in state closed
[0m12:39:24.050151 [debug] [Thread-2 (]: Began executing node test.medallion_dbt.not_null_stg_transactions_customer_id.ea7b0d99bf
[0m12:39:24.050327 [debug] [Thread-3 (]: Using duckdb connection "test.medallion_dbt.not_null_stg_transactions_amount.3629b5421e"
[0m12:39:24.051284 [debug] [Thread-2 (]: Writing runtime sql for node "test.medallion_dbt.not_null_stg_transactions_customer_id.ea7b0d99bf"
[0m12:39:24.051449 [debug] [Thread-4 (]: SQL status: OK in 0.002 seconds
[0m12:39:24.051607 [debug] [Thread-1 (]: SQL status: OK in 0.002 seconds
[0m12:39:24.051756 [debug] [Thread-3 (]: On test.medallion_dbt.not_null_stg_transactions_amount.3629b5421e: BEGIN
[0m12:39:24.051948 [debug] [Thread-4 (]: Using duckdb connection "test.medallion_dbt.not_null_fct_customer_transactions_total_amount_completed.989f790418"
[0m12:39:24.052115 [debug] [Thread-1 (]: Using duckdb connection "test.medallion_dbt.not_null_fct_customer_transactions_transaction_count.7466a4c02e"
[0m12:39:24.052269 [debug] [Thread-3 (]: Opening a new connection, currently in state closed
[0m12:39:24.052455 [debug] [Thread-4 (]: On test.medallion_dbt.not_null_fct_customer_transactions_total_amount_completed.989f790418: /* {"app": "dbt", "dbt_version": "1.10.15", "profile_name": "medallion_duckdb", "target_name": "dev", "node_id": "test.medallion_dbt.not_null_fct_customer_transactions_total_amount_completed.989f790418"} */

    select
      count(*) as failures,
      count(*) != 0 as should_warn,
      count(*) != 0 as should_error
    from (
      
    
  
    
    



select total_amount_completed
from "medallion"."main"."fct_customer_transactions"
where total_amount_completed is null



  
  
      
    ) dbt_internal_test
[0m12:39:24.052647 [debug] [Thread-1 (]: On test.medallion_dbt.not_null_fct_customer_transactions_transaction_count.7466a4c02e: /* {"app": "dbt", "dbt_version": "1.10.15", "profile_name": "medallion_duckdb", "target_name": "dev", "node_id": "test.medallion_dbt.not_null_fct_customer_transactions_transaction_count.7466a4c02e"} */

    select
      count(*) as failures,
      count(*) != 0 as should_warn,
      count(*) != 0 as should_error
    from (
      
    
  
    
    



select transaction_count
from "medallion"."main"."fct_customer_transactions"
where transaction_count is null



  
  
      
    ) dbt_internal_test
[0m12:39:24.052832 [debug] [Thread-2 (]: Using duckdb connection "test.medallion_dbt.not_null_stg_transactions_customer_id.ea7b0d99bf"
[0m12:39:24.053155 [debug] [Thread-2 (]: On test.medallion_dbt.not_null_stg_transactions_customer_id.ea7b0d99bf: BEGIN
[0m12:39:24.053310 [debug] [Thread-2 (]: Opening a new connection, currently in state closed
[0m12:39:24.053459 [debug] [Thread-3 (]: SQL status: OK in 0.001 seconds
[0m12:39:24.053626 [debug] [Thread-4 (]: SQL status: OK in 0.001 seconds
[0m12:39:24.053768 [debug] [Thread-1 (]: SQL status: OK in 0.001 seconds
[0m12:39:24.053955 [debug] [Thread-3 (]: Using duckdb connection "test.medallion_dbt.not_null_stg_transactions_amount.3629b5421e"
[0m12:39:24.054161 [debug] [Thread-2 (]: SQL status: OK in 0.001 seconds
[0m12:39:24.054837 [debug] [Thread-1 (]: On test.medallion_dbt.not_null_fct_customer_transactions_transaction_count.7466a4c02e: ROLLBACK
[0m12:39:24.055011 [debug] [Thread-3 (]: On test.medallion_dbt.not_null_stg_transactions_amount.3629b5421e: /* {"app": "dbt", "dbt_version": "1.10.15", "profile_name": "medallion_duckdb", "target_name": "dev", "node_id": "test.medallion_dbt.not_null_stg_transactions_amount.3629b5421e"} */

    select
      count(*) as failures,
      count(*) != 0 as should_warn,
      count(*) != 0 as should_error
    from (
      
    
  
    
    



select amount
from "medallion"."main"."stg_transactions"
where amount is null



  
  
      
    ) dbt_internal_test
[0m12:39:24.055645 [debug] [Thread-4 (]: On test.medallion_dbt.not_null_fct_customer_transactions_total_amount_completed.989f790418: ROLLBACK
[0m12:39:24.055811 [debug] [Thread-2 (]: Using duckdb connection "test.medallion_dbt.not_null_stg_transactions_customer_id.ea7b0d99bf"
[0m12:39:24.056108 [debug] [Thread-1 (]: Failed to rollback 'test.medallion_dbt.not_null_fct_customer_transactions_transaction_count.7466a4c02e'
[0m12:39:24.056440 [debug] [Thread-4 (]: Failed to rollback 'test.medallion_dbt.not_null_fct_customer_transactions_total_amount_completed.989f790418'
[0m12:39:24.056616 [debug] [Thread-2 (]: On test.medallion_dbt.not_null_stg_transactions_customer_id.ea7b0d99bf: /* {"app": "dbt", "dbt_version": "1.10.15", "profile_name": "medallion_duckdb", "target_name": "dev", "node_id": "test.medallion_dbt.not_null_stg_transactions_customer_id.ea7b0d99bf"} */

    select
      count(*) as failures,
      count(*) != 0 as should_warn,
      count(*) != 0 as should_error
    from (
      
    
  
    
    



select customer_id
from "medallion"."main"."stg_transactions"
where customer_id is null



  
  
      
    ) dbt_internal_test
[0m12:39:24.056797 [debug] [Thread-1 (]: On test.medallion_dbt.not_null_fct_customer_transactions_transaction_count.7466a4c02e: Close
[0m12:39:24.056965 [debug] [Thread-3 (]: SQL status: OK in 0.001 seconds
[0m12:39:24.057111 [debug] [Thread-4 (]: On test.medallion_dbt.not_null_fct_customer_transactions_total_amount_completed.989f790418: Close
[0m12:39:24.057429 [info ] [Thread-1 (]: 10 of 17 PASS not_null_fct_customer_transactions_transaction_count ............. [[32mPASS[0m in 0.02s]
[0m12:39:24.057659 [debug] [Thread-2 (]: SQL status: OK in 0.000 seconds
[0m12:39:24.058284 [debug] [Thread-3 (]: On test.medallion_dbt.not_null_stg_transactions_amount.3629b5421e: ROLLBACK
[0m12:39:24.058524 [info ] [Thread-4 (]: 9 of 17 PASS not_null_fct_customer_transactions_total_amount_completed ......... [[32mPASS[0m in 0.02s]
[0m12:39:24.058786 [debug] [Thread-1 (]: Finished running node test.medallion_dbt.not_null_fct_customer_transactions_transaction_count.7466a4c02e
[0m12:39:24.059442 [debug] [Thread-2 (]: On test.medallion_dbt.not_null_stg_transactions_customer_id.ea7b0d99bf: ROLLBACK
[0m12:39:24.059722 [debug] [Thread-3 (]: Failed to rollback 'test.medallion_dbt.not_null_stg_transactions_amount.3629b5421e'
[0m12:39:24.059949 [debug] [Thread-4 (]: Finished running node test.medallion_dbt.not_null_fct_customer_transactions_total_amount_completed.989f790418
[0m12:39:24.060133 [debug] [Thread-1 (]: Began running node test.medallion_dbt.not_null_stg_transactions_status.c7c2fec875
[0m12:39:24.060407 [debug] [Thread-2 (]: Failed to rollback 'test.medallion_dbt.not_null_stg_transactions_customer_id.ea7b0d99bf'
[0m12:39:24.060554 [debug] [Thread-3 (]: On test.medallion_dbt.not_null_stg_transactions_amount.3629b5421e: Close
[0m12:39:24.060726 [debug] [Thread-4 (]: Began running node test.medallion_dbt.not_null_stg_transactions_transaction_date.353bde368c
[0m12:39:24.060910 [info ] [Thread-1 (]: 13 of 17 START test not_null_stg_transactions_status ........................... [RUN]
[0m12:39:24.061077 [debug] [Thread-2 (]: On test.medallion_dbt.not_null_stg_transactions_customer_id.ea7b0d99bf: Close
[0m12:39:24.061329 [info ] [Thread-3 (]: 11 of 17 PASS not_null_stg_transactions_amount ................................. [[32mPASS[0m in 0.02s]
[0m12:39:24.061501 [info ] [Thread-4 (]: 14 of 17 START test not_null_stg_transactions_transaction_date ................. [RUN]
[0m12:39:24.061689 [debug] [Thread-1 (]: Re-using an available connection from the pool (formerly test.medallion_dbt.not_null_fct_customer_transactions_transaction_count.7466a4c02e, now test.medallion_dbt.not_null_stg_transactions_status.c7c2fec875)
[0m12:39:24.061934 [info ] [Thread-2 (]: 12 of 17 PASS not_null_stg_transactions_customer_id ............................ [[32mPASS[0m in 0.02s]
[0m12:39:24.062166 [debug] [Thread-3 (]: Finished running node test.medallion_dbt.not_null_stg_transactions_amount.3629b5421e
[0m12:39:24.062336 [debug] [Thread-4 (]: Re-using an available connection from the pool (formerly test.medallion_dbt.not_null_fct_customer_transactions_total_amount_completed.989f790418, now test.medallion_dbt.not_null_stg_transactions_transaction_date.353bde368c)
[0m12:39:24.062496 [debug] [Thread-1 (]: Began compiling node test.medallion_dbt.not_null_stg_transactions_status.c7c2fec875
[0m12:39:24.062709 [debug] [Thread-2 (]: Finished running node test.medallion_dbt.not_null_stg_transactions_customer_id.ea7b0d99bf
[0m12:39:24.062868 [debug] [Thread-3 (]: Began running node test.medallion_dbt.not_null_stg_transactions_transaction_id.1d00a8e2e4
[0m12:39:24.063030 [debug] [Thread-4 (]: Began compiling node test.medallion_dbt.not_null_stg_transactions_transaction_date.353bde368c
[0m12:39:24.065025 [debug] [Thread-1 (]: Writing injected SQL for node "test.medallion_dbt.not_null_stg_transactions_status.c7c2fec875"
[0m12:39:24.065223 [debug] [Thread-2 (]: Began running node test.medallion_dbt.not_null_stg_transactions_transaction_ts.414f2f36a7
[0m12:39:24.065410 [info ] [Thread-3 (]: 15 of 17 START test not_null_stg_transactions_transaction_id ................... [RUN]
[0m12:39:24.066965 [debug] [Thread-4 (]: Writing injected SQL for node "test.medallion_dbt.not_null_stg_transactions_transaction_date.353bde368c"
[0m12:39:24.067175 [info ] [Thread-2 (]: 16 of 17 START test not_null_stg_transactions_transaction_ts ................... [RUN]
[0m12:39:24.067364 [debug] [Thread-3 (]: Re-using an available connection from the pool (formerly test.medallion_dbt.not_null_stg_transactions_amount.3629b5421e, now test.medallion_dbt.not_null_stg_transactions_transaction_id.1d00a8e2e4)
[0m12:39:24.067583 [debug] [Thread-2 (]: Re-using an available connection from the pool (formerly test.medallion_dbt.not_null_stg_transactions_customer_id.ea7b0d99bf, now test.medallion_dbt.not_null_stg_transactions_transaction_ts.414f2f36a7)
[0m12:39:24.067775 [debug] [Thread-3 (]: Began compiling node test.medallion_dbt.not_null_stg_transactions_transaction_id.1d00a8e2e4
[0m12:39:24.067974 [debug] [Thread-2 (]: Began compiling node test.medallion_dbt.not_null_stg_transactions_transaction_ts.414f2f36a7
[0m12:39:24.068163 [debug] [Thread-4 (]: Began executing node test.medallion_dbt.not_null_stg_transactions_transaction_date.353bde368c
[0m12:39:24.068300 [debug] [Thread-1 (]: Began executing node test.medallion_dbt.not_null_stg_transactions_status.c7c2fec875
[0m12:39:24.069864 [debug] [Thread-3 (]: Writing injected SQL for node "test.medallion_dbt.not_null_stg_transactions_transaction_id.1d00a8e2e4"
[0m12:39:24.071659 [debug] [Thread-2 (]: Writing injected SQL for node "test.medallion_dbt.not_null_stg_transactions_transaction_ts.414f2f36a7"
[0m12:39:24.072559 [debug] [Thread-4 (]: Writing runtime sql for node "test.medallion_dbt.not_null_stg_transactions_transaction_date.353bde368c"
[0m12:39:24.075394 [debug] [Thread-1 (]: Writing runtime sql for node "test.medallion_dbt.not_null_stg_transactions_status.c7c2fec875"
[0m12:39:24.075789 [debug] [Thread-3 (]: Began executing node test.medallion_dbt.not_null_stg_transactions_transaction_id.1d00a8e2e4
[0m12:39:24.076000 [debug] [Thread-4 (]: Using duckdb connection "test.medallion_dbt.not_null_stg_transactions_transaction_date.353bde368c"
[0m12:39:24.076182 [debug] [Thread-2 (]: Began executing node test.medallion_dbt.not_null_stg_transactions_transaction_ts.414f2f36a7
[0m12:39:24.077051 [debug] [Thread-3 (]: Writing runtime sql for node "test.medallion_dbt.not_null_stg_transactions_transaction_id.1d00a8e2e4"
[0m12:39:24.077262 [debug] [Thread-4 (]: On test.medallion_dbt.not_null_stg_transactions_transaction_date.353bde368c: BEGIN
[0m12:39:24.078125 [debug] [Thread-2 (]: Writing runtime sql for node "test.medallion_dbt.not_null_stg_transactions_transaction_ts.414f2f36a7"
[0m12:39:24.078338 [debug] [Thread-1 (]: Using duckdb connection "test.medallion_dbt.not_null_stg_transactions_status.c7c2fec875"
[0m12:39:24.078513 [debug] [Thread-4 (]: Opening a new connection, currently in state closed
[0m12:39:24.078731 [debug] [Thread-1 (]: On test.medallion_dbt.not_null_stg_transactions_status.c7c2fec875: BEGIN
[0m12:39:24.078909 [debug] [Thread-3 (]: Using duckdb connection "test.medallion_dbt.not_null_stg_transactions_transaction_id.1d00a8e2e4"
[0m12:39:24.079156 [debug] [Thread-1 (]: Opening a new connection, currently in state closed
[0m12:39:24.079336 [debug] [Thread-3 (]: On test.medallion_dbt.not_null_stg_transactions_transaction_id.1d00a8e2e4: BEGIN
[0m12:39:24.079528 [debug] [Thread-4 (]: SQL status: OK in 0.001 seconds
[0m12:39:24.079736 [debug] [Thread-2 (]: Using duckdb connection "test.medallion_dbt.not_null_stg_transactions_transaction_ts.414f2f36a7"
[0m12:39:24.079900 [debug] [Thread-3 (]: Opening a new connection, currently in state closed
[0m12:39:24.080071 [debug] [Thread-1 (]: SQL status: OK in 0.001 seconds
[0m12:39:24.080223 [debug] [Thread-4 (]: Using duckdb connection "test.medallion_dbt.not_null_stg_transactions_transaction_date.353bde368c"
[0m12:39:24.080387 [debug] [Thread-2 (]: On test.medallion_dbt.not_null_stg_transactions_transaction_ts.414f2f36a7: BEGIN
[0m12:39:24.080596 [debug] [Thread-1 (]: Using duckdb connection "test.medallion_dbt.not_null_stg_transactions_status.c7c2fec875"
[0m12:39:24.080769 [debug] [Thread-4 (]: On test.medallion_dbt.not_null_stg_transactions_transaction_date.353bde368c: /* {"app": "dbt", "dbt_version": "1.10.15", "profile_name": "medallion_duckdb", "target_name": "dev", "node_id": "test.medallion_dbt.not_null_stg_transactions_transaction_date.353bde368c"} */

    select
      count(*) as failures,
      count(*) != 0 as should_warn,
      count(*) != 0 as should_error
    from (
      
    
  
    
    



select transaction_date
from "medallion"."main"."stg_transactions"
where transaction_date is null



  
  
      
    ) dbt_internal_test
[0m12:39:24.080941 [debug] [Thread-3 (]: SQL status: OK in 0.001 seconds
[0m12:39:24.081074 [debug] [Thread-2 (]: Opening a new connection, currently in state closed
[0m12:39:24.081235 [debug] [Thread-1 (]: On test.medallion_dbt.not_null_stg_transactions_status.c7c2fec875: /* {"app": "dbt", "dbt_version": "1.10.15", "profile_name": "medallion_duckdb", "target_name": "dev", "node_id": "test.medallion_dbt.not_null_stg_transactions_status.c7c2fec875"} */

    select
      count(*) as failures,
      count(*) != 0 as should_warn,
      count(*) != 0 as should_error
    from (
      
    
  
    
    



select status
from "medallion"."main"."stg_transactions"
where status is null



  
  
      
    ) dbt_internal_test
[0m12:39:24.081465 [debug] [Thread-3 (]: Using duckdb connection "test.medallion_dbt.not_null_stg_transactions_transaction_id.1d00a8e2e4"
[0m12:39:24.081768 [debug] [Thread-3 (]: On test.medallion_dbt.not_null_stg_transactions_transaction_id.1d00a8e2e4: /* {"app": "dbt", "dbt_version": "1.10.15", "profile_name": "medallion_duckdb", "target_name": "dev", "node_id": "test.medallion_dbt.not_null_stg_transactions_transaction_id.1d00a8e2e4"} */

    select
      count(*) as failures,
      count(*) != 0 as should_warn,
      count(*) != 0 as should_error
    from (
      
    
  
    
    



select transaction_id
from "medallion"."main"."stg_transactions"
where transaction_id is null



  
  
      
    ) dbt_internal_test
[0m12:39:24.082054 [debug] [Thread-4 (]: SQL status: OK in 0.001 seconds
[0m12:39:24.082241 [debug] [Thread-1 (]: SQL status: OK in 0.001 seconds
[0m12:39:24.082967 [debug] [Thread-4 (]: On test.medallion_dbt.not_null_stg_transactions_transaction_date.353bde368c: ROLLBACK
[0m12:39:24.083127 [debug] [Thread-2 (]: SQL status: OK in 0.002 seconds
[0m12:39:24.083333 [debug] [Thread-3 (]: SQL status: OK in 0.001 seconds
[0m12:39:24.083910 [debug] [Thread-1 (]: On test.medallion_dbt.not_null_stg_transactions_status.c7c2fec875: ROLLBACK
[0m12:39:24.084175 [debug] [Thread-4 (]: Failed to rollback 'test.medallion_dbt.not_null_stg_transactions_transaction_date.353bde368c'
[0m12:39:24.084337 [debug] [Thread-2 (]: Using duckdb connection "test.medallion_dbt.not_null_stg_transactions_transaction_ts.414f2f36a7"
[0m12:39:24.084990 [debug] [Thread-3 (]: On test.medallion_dbt.not_null_stg_transactions_transaction_id.1d00a8e2e4: ROLLBACK
[0m12:39:24.085252 [debug] [Thread-1 (]: Failed to rollback 'test.medallion_dbt.not_null_stg_transactions_status.c7c2fec875'
[0m12:39:24.085412 [debug] [Thread-4 (]: On test.medallion_dbt.not_null_stg_transactions_transaction_date.353bde368c: Close
[0m12:39:24.085595 [debug] [Thread-2 (]: On test.medallion_dbt.not_null_stg_transactions_transaction_ts.414f2f36a7: /* {"app": "dbt", "dbt_version": "1.10.15", "profile_name": "medallion_duckdb", "target_name": "dev", "node_id": "test.medallion_dbt.not_null_stg_transactions_transaction_ts.414f2f36a7"} */

    select
      count(*) as failures,
      count(*) != 0 as should_warn,
      count(*) != 0 as should_error
    from (
      
    
  
    
    



select transaction_ts
from "medallion"."main"."stg_transactions"
where transaction_ts is null



  
  
      
    ) dbt_internal_test
[0m12:39:24.085855 [debug] [Thread-3 (]: Failed to rollback 'test.medallion_dbt.not_null_stg_transactions_transaction_id.1d00a8e2e4'
[0m12:39:24.086000 [debug] [Thread-1 (]: On test.medallion_dbt.not_null_stg_transactions_status.c7c2fec875: Close
[0m12:39:24.086276 [info ] [Thread-4 (]: 14 of 17 PASS not_null_stg_transactions_transaction_date ....................... [[32mPASS[0m in 0.02s]
[0m12:39:24.086508 [debug] [Thread-3 (]: On test.medallion_dbt.not_null_stg_transactions_transaction_id.1d00a8e2e4: Close
[0m12:39:24.086968 [debug] [Thread-4 (]: Finished running node test.medallion_dbt.not_null_stg_transactions_transaction_date.353bde368c
[0m12:39:24.086761 [info ] [Thread-1 (]: 13 of 17 PASS not_null_stg_transactions_status ................................. [[32mPASS[0m in 0.03s]
[0m12:39:24.087177 [debug] [Thread-2 (]: SQL status: OK in 0.001 seconds
[0m12:39:24.087410 [info ] [Thread-3 (]: 15 of 17 PASS not_null_stg_transactions_transaction_id ......................... [[32mPASS[0m in 0.02s]
[0m12:39:24.087595 [debug] [Thread-4 (]: Began running node test.medallion_dbt.unique_stg_transactions_transaction_id.ee9a78a396
[0m12:39:24.087835 [debug] [Thread-1 (]: Finished running node test.medallion_dbt.not_null_stg_transactions_status.c7c2fec875
[0m12:39:24.088450 [debug] [Thread-2 (]: On test.medallion_dbt.not_null_stg_transactions_transaction_ts.414f2f36a7: ROLLBACK
[0m12:39:24.088672 [debug] [Thread-3 (]: Finished running node test.medallion_dbt.not_null_stg_transactions_transaction_id.1d00a8e2e4
[0m12:39:24.088842 [info ] [Thread-4 (]: 17 of 17 START test unique_stg_transactions_transaction_id ..................... [RUN]
[0m12:39:24.089149 [debug] [Thread-2 (]: Failed to rollback 'test.medallion_dbt.not_null_stg_transactions_transaction_ts.414f2f36a7'
[0m12:39:24.089340 [debug] [Thread-4 (]: Re-using an available connection from the pool (formerly test.medallion_dbt.not_null_stg_transactions_transaction_date.353bde368c, now test.medallion_dbt.unique_stg_transactions_transaction_id.ee9a78a396)
[0m12:39:24.089521 [debug] [Thread-2 (]: On test.medallion_dbt.not_null_stg_transactions_transaction_ts.414f2f36a7: Close
[0m12:39:24.089680 [debug] [Thread-4 (]: Began compiling node test.medallion_dbt.unique_stg_transactions_transaction_id.ee9a78a396
[0m12:39:24.093004 [debug] [Thread-4 (]: Writing injected SQL for node "test.medallion_dbt.unique_stg_transactions_transaction_id.ee9a78a396"
[0m12:39:24.089912 [info ] [Thread-2 (]: 16 of 17 PASS not_null_stg_transactions_transaction_ts ......................... [[32mPASS[0m in 0.02s]
[0m12:39:24.093323 [debug] [Thread-2 (]: Finished running node test.medallion_dbt.not_null_stg_transactions_transaction_ts.414f2f36a7
[0m12:39:24.093573 [debug] [Thread-4 (]: Began executing node test.medallion_dbt.unique_stg_transactions_transaction_id.ee9a78a396
[0m12:39:24.094447 [debug] [Thread-4 (]: Writing runtime sql for node "test.medallion_dbt.unique_stg_transactions_transaction_id.ee9a78a396"
[0m12:39:24.094897 [debug] [Thread-4 (]: Using duckdb connection "test.medallion_dbt.unique_stg_transactions_transaction_id.ee9a78a396"
[0m12:39:24.095048 [debug] [Thread-4 (]: On test.medallion_dbt.unique_stg_transactions_transaction_id.ee9a78a396: BEGIN
[0m12:39:24.095183 [debug] [Thread-4 (]: Opening a new connection, currently in state closed
[0m12:39:24.095475 [debug] [Thread-4 (]: SQL status: OK in 0.000 seconds
[0m12:39:24.095646 [debug] [Thread-4 (]: Using duckdb connection "test.medallion_dbt.unique_stg_transactions_transaction_id.ee9a78a396"
[0m12:39:24.095811 [debug] [Thread-4 (]: On test.medallion_dbt.unique_stg_transactions_transaction_id.ee9a78a396: /* {"app": "dbt", "dbt_version": "1.10.15", "profile_name": "medallion_duckdb", "target_name": "dev", "node_id": "test.medallion_dbt.unique_stg_transactions_transaction_id.ee9a78a396"} */

    select
      count(*) as failures,
      count(*) != 0 as should_warn,
      count(*) != 0 as should_error
    from (
      
    
  
    
    

select
    transaction_id as unique_field,
    count(*) as n_records

from "medallion"."main"."stg_transactions"
where transaction_id is not null
group by transaction_id
having count(*) > 1



  
  
      
    ) dbt_internal_test
[0m12:39:24.097017 [debug] [Thread-4 (]: SQL status: OK in 0.001 seconds
[0m12:39:24.097694 [debug] [Thread-4 (]: On test.medallion_dbt.unique_stg_transactions_transaction_id.ee9a78a396: ROLLBACK
[0m12:39:24.097970 [debug] [Thread-4 (]: Failed to rollback 'test.medallion_dbt.unique_stg_transactions_transaction_id.ee9a78a396'
[0m12:39:24.098115 [debug] [Thread-4 (]: On test.medallion_dbt.unique_stg_transactions_transaction_id.ee9a78a396: Close
[0m12:39:24.098350 [info ] [Thread-4 (]: 17 of 17 PASS unique_stg_transactions_transaction_id ........................... [[32mPASS[0m in 0.01s]
[0m12:39:24.098577 [debug] [Thread-4 (]: Finished running node test.medallion_dbt.unique_stg_transactions_transaction_id.ee9a78a396
[0m12:39:24.099154 [debug] [MainThread]: Using duckdb connection "master"
[0m12:39:24.099302 [debug] [MainThread]: On master: BEGIN
[0m12:39:24.099421 [debug] [MainThread]: Opening a new connection, currently in state closed
[0m12:39:24.099637 [debug] [MainThread]: SQL status: OK in 0.000 seconds
[0m12:39:24.099765 [debug] [MainThread]: On master: COMMIT
[0m12:39:24.099887 [debug] [MainThread]: Using duckdb connection "master"
[0m12:39:24.099997 [debug] [MainThread]: On master: COMMIT
[0m12:39:24.100166 [debug] [MainThread]: SQL status: OK in 0.000 seconds
[0m12:39:24.100290 [debug] [MainThread]: On master: Close
[0m12:39:24.100444 [debug] [MainThread]: Connection 'master' was properly closed.
[0m12:39:24.100556 [debug] [MainThread]: Connection 'test.medallion_dbt.not_null_stg_transactions_status.c7c2fec875' was properly closed.
[0m12:39:24.100661 [debug] [MainThread]: Connection 'test.medallion_dbt.unique_stg_transactions_transaction_id.ee9a78a396' was properly closed.
[0m12:39:24.100763 [debug] [MainThread]: Connection 'test.medallion_dbt.not_null_stg_transactions_transaction_id.1d00a8e2e4' was properly closed.
[0m12:39:24.100862 [debug] [MainThread]: Connection 'test.medallion_dbt.not_null_stg_transactions_transaction_ts.414f2f36a7' was properly closed.
[0m12:39:24.100985 [info ] [MainThread]: 
[0m12:39:24.101115 [info ] [MainThread]: Finished running 17 data tests in 0 hours 0 minutes and 0.21 seconds (0.21s).
[0m12:39:24.102191 [debug] [MainThread]: Command end result
[0m12:39:24.113540 [debug] [MainThread]: Wrote artifact WritableManifest to /Users/nicolasvelazquez/documents/udesa/ingenieriadatos/examen_ing_de_sw_n_data_final/dbt/target/manifest.json
[0m12:39:24.114398 [debug] [MainThread]: Wrote artifact SemanticManifest to /Users/nicolasvelazquez/documents/udesa/ingenieriadatos/examen_ing_de_sw_n_data_final/dbt/target/semantic_manifest.json
[0m12:39:24.118198 [debug] [MainThread]: Wrote artifact RunExecutionResult to /Users/nicolasvelazquez/documents/udesa/ingenieriadatos/examen_ing_de_sw_n_data_final/dbt/target/run_results.json
[0m12:39:24.118335 [info ] [MainThread]: 
[0m12:39:24.118487 [info ] [MainThread]: [32mCompleted successfully[0m
[0m12:39:24.118618 [info ] [MainThread]: 
[0m12:39:24.118759 [info ] [MainThread]: Done. PASS=17 WARN=0 ERROR=0 SKIP=0 NO-OP=0 TOTAL=17
[0m12:39:24.120131 [debug] [MainThread]: Resource report: {"command_name": "test", "command_success": true, "command_wall_clock_time": 0.59374, "process_in_blocks": "0", "process_kernel_time": 0.162162, "process_mem_max_rss": "152600576", "process_out_blocks": "0", "process_user_time": 1.147867}
[0m12:39:24.120326 [debug] [MainThread]: Command `dbt test` succeeded at 12:39:24.120288 after 0.59 seconds
[0m12:39:24.120486 [debug] [MainThread]: Sending event: {'category': 'dbt', 'action': 'invocation', 'label': 'end', 'context': [<snowplow_tracker.self_describing_json.SelfDescribingJson object at 0x10b63dd90>, <snowplow_tracker.self_describing_json.SelfDescribingJson object at 0x10be1ad00>, <snowplow_tracker.self_describing_json.SelfDescribingJson object at 0x10be19c80>]}
[0m12:39:24.120642 [debug] [MainThread]: Flushing usage events
[0m12:39:24.861569 [debug] [MainThread]: An error was encountered while trying to flush usage events
